word,family_id
abandon,abandonment
abandoned,abandonment
abandoning,abandonment
abdomen,abdominal
abide,abode
abiding,abode
abilities,ability
abolish,abolishing
abolished,abolishing
abort,aborted
abortion,abortions
abrupt,abruptly
absorb,absorbs
absorbed,absorbs
absorbing,absorbs
abstract,abstracts
absurd,absurdity
abundance,abundant
abuse,abusing
abused,abusing
abuser,abusing
abusers,abusing
abuses,abusing
ac,acs
academic,academics
academically,academics
academies,academy
accelerate,accelerating
accelerated,accelerating
accent,accents
accept,accepts
accepted,accepts
accepting,accepts
access,accessing
accessed,accessing
accessibility,accessible
accessories,accessory
accident,accidents
accidental,accidentally
acclaim,acclaimed
accommodate,accommodating
accommodated,accommodating
accommodation,accommodations
accompanied,accompanying
accompanies,accompanying
accompany,accompanying
accomplish,accomplishing
accomplished,accomplishing
accomplishment,accomplishments
accord,accords
according,accords
account,accounts
accountability,accountable
accountancy,accountants
accountant,accountants
accounted,accounts
accounting,accounts
accumulate,accumulating
accumulated,accumulating
accurate,accurately
accusation,accusations
accuse,accusing
accused,accusing
accuses,accusing
ace,aces
ache,aching
aches,aching
achieve,achieving
achieved,achieving
achievement,achievements
achieves,achieving
acid,acids
acknowledge,acknowledging
acknowledged,acknowledging
acknowledges,acknowledging
acoustic,acoustics
acquaintance,acquaintances
acquire,acquiring
acquired,acquiring
acquires,acquiring
acquisition,acquisitions
acre,acres
act,acts
acted,acts
acting,acts
action,actions
activate,activation
activated,activation
activates,activation
activating,activation
active,actively
activism,activists
activist,activists
activities,activity
actor,actors
actress,actresses
acute,acutely
ad,ads
adapt,adapting
adaptable,adapting
adaptation,adaptations
adapted,adapting
add,adds
added,adds
addict,addicts
addicted,addicts
addiction,addicts
addictions,addicts
addictive,addicts
adding,adds
addition,additions
additional,additions
additionally,additions
additive,additives
address,addressing
addressed,addressing
addresses,addressing
adequate,adequately
adhere,adhering
adhered,adhering
adjective,adjectives
adjust,adjusting
adjustable,adjusting
adjusted,adjusting
adjustment,adjustments
administer,administering
administered,administering
administration,administrative
administrations,administrative
administrator,administrators
admiration,admiring
admire,admiring
admired,admiring
admirer,admiring
admirers,admiring
admission,admissions
admit,admitting
admits,admitting
admitted,admitting
adolescent,adolescents
adopt,adopts
adopted,adopts
adopting,adopts
adoption,adopts
adoration,adored
adore,adored
adult,adults
adulthood,adults
advance,advancing
advanced,advancing
advancement,advancements
advances,advancing
advantage,advantages
adventure,adventures
adventurer,adventurers
adversaries,adversary
adverse,adversely
advert,adverts
advertise,advertising
advertised,advertising
advertisement,advertisements
advertiser,advertising
advertisers,advertising
advise,advisors
advised,advisors
adviser,advisers
advises,advisors
advising,advisors
advisor,advisors
advocate,advocating
advocated,advocating
advocates,advocating
aeronautical,aeronautics
affair,affairs
affect,affects
affected,affects
affecting,affects
affectionate,affectionately
affiliate,affiliations
affiliated,affiliations
affiliates,affiliations
affiliation,affiliations
affirm,affirming
affirmation,affirming
affirmed,affirming
afford,afforded
affordability,afforded
affordable,afforded
african,africans
afternoon,afternoons
age,ages
aged,ages
ageing,ages
agencies,agency
agenda,agendas
agent,agents
aggregate,aggregation
aggressive,aggressively
agile,agility
agree,agrees
agreed,agrees
agreeing,agrees
agreement,agreements
agricultural,agriculture
aid,aids
aide,aides
aided,aids
aiding,aids
aim,aims
aimed,aims
aiming,aims
air,airs
aired,airs
airing,airs
airline,airlines
airplane,airplanes
airport,airports
airway,airways
aisle,aisles
alarm,alarms
alarmed,alarms
alarming,alarms
album,albums
alcoholic,alcoholics
alert,alerts
alerted,alerts
algebra,algebraic
algorithm,algorithms
alien,aliens
align,alignment
aligned,alignment
allegation,allegations
allege,alleging
alleged,alleging
alleges,alleging
allergies,allergy
alliance,alliances
allied,ally
allies,ally
allocate,allocation
allocated,allocation
allow,allows
allowance,allowances
allowed,allows
allowing,allows
alloy,alloys
almond,almonds
alter,alters
alteration,alterations
altered,alters
altering,alters
alternate,alternating
alternately,alternating
alternative,alternatives
alternatively,alternatives
altitude,altitudes
am,ams
amateur,amateurs
amaze,amazingly
amazed,amazingly
amazes,amazingly
amazing,amazingly
ambassador,ambassadors
ambition,ambitions
ambush,ambushed
amend,amends
amended,amends
amendment,amendments
american,americans
amount,amounts
amounted,amounts
amounting,amounts
amp,amps
amplification,amplify
amplified,amplify
amplifier,amplifiers
amuse,amusing
amused,amusing
analyse,analysis
analysed,analysis
analyses,analysis
analysing,analysis
analyst,analysts
analytic,analytics
analyze,analyzing
analyzed,analyzing
analyzes,analyzing
anarchist,anarchists
anatomical,anatomy
ancestor,ancestors
anchor,anchors
anchored,anchors
ancient,ancients
anecdotal,anecdotes
anecdote,anecdotes
angel,angels
anger,angered
angle,angles
angled,angles
angrily,angry
animal,animals
animate,animated
animation,animations
ankle,ankles
annex,annexed
annexation,annexed
announce,announcing
announced,announcing
announcement,announcing
announcements,announcing
announcer,announcers
announces,announcing
annoy,annoys
annoyance,annoys
annoyed,annoys
annoying,annoys
annual,annually
anomalies,anomaly
anonymity,anonymously
anonymous,anonymously
answer,answers
answered,answers
answering,answers
ant,ants
antenna,antennas
anthropological,anthropology
anthropologist,anthropology
antibiotic,antibiotics
antibodies,antibody
anticipate,anticipating
anticipated,anticipating
antique,antiques
antiquities,antiquity
anxieties,anxiety
anxious,anxiously
anyway,anyways
ap,aps
apartment,apartments
ape,apes
apologies,apology
apologize,apologizing
apologized,apologizing
apologizes,apologizing
apostle,apostles
app,apps
apparent,apparently
appeal,appeals
appealed,appeals
appealing,appeals
appear,appears
appearance,appearances
appeared,appears
appearing,appears
applaud,applauded
apple,apples
appliance,appliances
applicant,applicants
application,applications
applied,applying
applies,applying
apply,applying
appoint,appoints
appointed,appoints
appointing,appoints
appointment,appointments
appreciate,appreciating
appreciated,appreciating
appreciates,appreciating
apprentice,apprenticeship
apprentices,apprenticeship
approach,approaching
approached,approaching
approaches,approaching
appropriate,appropriately
appropriated,appropriately
appropriation,appropriations
approval,approvals
approve,approving
approved,approving
approves,approving
approximate,approximation
approximately,approximation
apt,aptly
ar,ars
arab,arabs
arbitrarily,arbitrary
arc,arcs
arch,arches
archaeologist,archaeologists
arched,arches
architect,architects
architectural,architecture
archival,archives
archive,archives
archived,archives
are,ares
area,areas
arena,arenas
arguably,arguing
argue,arguing
argued,arguing
argues,arguing
argument,arguments
aria,arias
arise,arose
arisen,arose
arises,arose
arising,arose
arm,arms
armed,arms
armenian,armenians
armies,army
arming,arms
armor,armored
armour,armoured
arrange,arranging
arranged,arranging
arrangement,arrangements
array,arrays
arrest,arrests
arrested,arrests
arresting,arrests
arrival,arrivals
arrive,arriving
arrived,arriving
arrives,arriving
arrogance,arrogant
arrow,arrows
art,arts
arteries,artery
article,articles
articulate,articulated
artifact,artifacts
artificial,artificially
artisan,artisans
artist,artists
artistic,artists
artwork,artworks
ascend,ascending
ascended,ascending
ash,ashes
asian,asians
ask,asks
asked,asks
asking,asks
aspect,aspects
aspiration,aspirations
aspire,aspiring
ass,asses
assassin,assassins
assassinate,assassination
assassinated,assassination
assault,assaults
assaulted,assaults
assaulting,assaults
assemble,assembling
assembled,assembling
assemblies,assembly
assert,asserts
asserted,asserts
asserting,asserts
assertion,assertions
assess,assessments
assessed,assessments
assessing,assessments
assessment,assessments
asset,assets
asshole,assholes
assign,assigns
assigned,assigns
assigning,assigns
assignment,assignments
assist,assists
assistant,assistants
assisted,assists
assisting,assists
associate,associating
associated,associating
associates,associating
association,associations
assume,assuming
assumed,assuming
assumes,assuming
assumption,assumptions
assurance,assurances
assure,assuring
assured,assuring
assures,assuring
asteroid,asteroids
astronaut,astronauts
astronomer,astronomy
astronomers,astronomy
ate,eats
atheism,atheists
atheist,atheists
athlete,athletes
atmosphere,atmospheric
atom,atoms
attach,attaching
attached,attaching
attaches,attaching
attachment,attachments
attack,attacks
attacked,attacks
attacker,attacks
attackers,attacks
attacking,attacks
attain,attaining
attainable,attaining
attained,attaining
attempt,attempts
attempted,attempts
attempting,attempts
attend,attends
attendant,attendants
attended,attends
attending,attends
attest,attested
attitude,attitudes
attorney,attorneys
attract,attracts
attracted,attracts
attracting,attracts
attraction,attractions
attractive,attractiveness
attributable,attribution
attribute,attribution
attributed,attribution
attributes,attribution
au,aus
auction,auctions
audience,audiences
audit,audits
audited,audits
auditing,audits
audition,auditions
auditor,auditors
augment,augmented
aunt,aunts
australian,australians
authentic,authenticity
author,authors
authored,authors
authorities,authority
authorize,authorizing
authorized,authorizing
autism,autistic
auto,autos
autobiographical,autobiography
autograph,autographs
automatic,automatically
automobile,automobiles
availability,available
avenge,avengers
avenger,avengers
avenue,avenues
average,averaging
averaged,averaging
averages,averaging
avoid,avoids
avoidance,avoids
avoided,avoids
avoiding,avoids
aw,aws
await,awaits
awaited,awaits
awaiting,awaits
awake,awoke
awaken,awakens
awakened,awakens
awakening,awakens
award,awards
awarded,awards
awarding,awards
aware,awareness
awkward,awkwardly
ax,axes
axe,axes
ba,bas
babe,babes
babies,baby
bachelor,bachelors
back,backs
backed,backs
background,backgrounds
backing,backs
backup,backups
bacteria,bacterial
bad,worst
badge,badges
badger,badgers
bag,bags
bagged,bags
bail,bailed
bake,baking
baked,baking
baker,bakers
balance,balancing
balanced,balancing
balances,balancing
ball,balls
ballad,ballads
balloon,balloons
ballot,ballots
ban,bans
banana,bananas
band,bands
banded,bands
bandit,bandits
bang,bangs
banged,bangs
banging,bangs
bank,banks
banker,bankers
banking,banks
bankrupt,bankruptcy
banned,bans
banner,banners
banning,bans
bar,bars
barb,barbed
barbarian,barbarians
bargain,bargains
bargaining,bargains
bark,barking
barn,barns
baron,barons
barred,bars
barrel,barrels
barrier,barriers
barring,bars
base,basing
based,basing
bases,basing
bash,bashing
bashed,bashing
basic,basics
basin,basins
basket,baskets
bastard,bastards
bat,batting
batch,batches
bath,baths
bathe,baths
bathed,baths
bathing,baths
bathroom,bathrooms
bats,batting
battalion,battalions
batted,batting
batter,batters
battered,batters
batteries,battery
battle,battling
battled,battling
battles,battling
bay,bays
be,were
beach,beaches
beacon,beacons
bead,beads
beam,beams
bean,beans
bear,borne
beard,beards
bearded,beards
bearer,bearers
bearing,borne
bearings,borne
bears,borne
beast,beasts
beat,beats
beaten,beats
beating,beats
beauties,beauty
beautiful,beautifully
became,becoming
become,becoming
becomes,becoming
bed,beds
bedding,beds
bedroom,bedrooms
bee,bees
been,were
beer,beers
beetle,beetles
beg,begs
began,begun
beggar,beggars
begged,begs
begging,begs
begin,begun
beginner,begun
beginners,begun
beginning,begun
beginnings,begun
begins,begun
behave,behaving
behaved,behaving
behaves,behaving
behavior,behaviors
behavioral,behaviours
behaviour,behaviours
being,were
beings,were
belief,beliefs
believable,believing
believe,believing
believed,believing
believer,believing
believers,believing
believes,believing
bell,bells
belong,belongs
belonged,belongs
belonging,belongs
belt,belts
bench,benches
benchmark,benchmarks
bend,bent
bending,bent
bends,bent
beneficiaries,beneficiary
benefit,benefits
benefited,benefits
benefiting,benefits
berries,berry
best,good
bestseller,bestselling
bet,betting
betray,betraying
betrayal,betraying
betrayed,betraying
bets,betting
better,good
beverage,beverages
bias,biases
biased,biases
bible,biblical
bicycle,bicycles
bid,bids
bidder,bids
bidders,bids
bidding,bids
big,biggest
bigger,biggest
bigot,bigotry
bike,biking
biker,bikers
bikes,biking
bill,bills
billboard,billboards
billed,bills
billing,bills
billings,bills
billionaire,billionaires
bin,bins
bind,bounds
binding,bounds
binds,bounds
bio,bios
biochemical,biochemistry
biographer,biography
biographical,biography
biographies,biography
biological,biologically
biologist,biology
biologists,biology
bird,birds
birth,births
birthday,birthdays
biscuit,biscuits
bishop,bishops
bit,bits
bitch,bitching
bitches,bitching
bite,bits
bites,bits
biting,bits
bitter,bitterness
bitterly,bitterness
black,blacks
blacked,blacks
blade,blades
blame,blaming
blamed,blaming
blames,blaming
blank,blanks
blanket,blankets
blast,blasts
blasted,blasts
blasting,blasts
blatant,blatantly
blaze,blazing
blazer,blazers
bled,bleeding
bleed,bleeding
blend,blends
blended,blends
blending,blends
bless,blessings
blessed,blessings
blessing,blessings
blew,blows
blind,blinds
blinded,blinds
blinding,blinds
blindly,blinds
blindness,blinds
blink,blinking
block,blocks
blocked,blocks
blocker,blockers
blocking,blocks
blog,blogs
blogger,blogs
blogging,blogs
blood,blooded
bloom,blooms
blooming,blooms
blossom,blossoms
blow,blows
blowing,blows
blown,blows
blue,blues
blueprint,blueprints
blur,blurry
blurred,blurry
board,boards
boarded,boards
boarding,boards
boast,boasts
boasted,boasts
boasting,boasts
boat,boats
boating,boats
bodied,body
bodies,body
bodyguard,bodyguards
boil,boils
boiled,boils
boiler,boilers
boiling,boils
bold,boldly
bolt,bolts
bolted,bolts
bomb,bombs
bombed,bombs
bomber,bombers
bombing,bombs
bombings,bombs
bond,bonds
bonded,bonds
bonding,bonds
bone,bones
bonus,bonuses
boo,booing
boob,boobs
booed,booing
book,books
booked,books
booking,books
bookings,books
boom,booming
boomer,boomers
boost,boosts
boosted,boosts
boosting,boosts
boot,boots
booted,boots
booth,booths
border,borders
bordered,borders
bordering,borders
bore,borne
bored,borne
boring,borne
born,borne
borough,boroughs
borrow,borrowing
borrowed,borrowing
borrower,borrowing
borrowers,borrowing
boss,bosses
bot,bots
bother,bothers
bothered,bothers
bothering,bothers
bottle,bottling
bottled,bottling
bottles,bottling
bottom,bottoms
bought,buys
boulder,boulders
bounce,bouncy
bounced,bouncy
bounces,bouncy
bouncing,bouncy
bound,bounds
boundaries,boundary
bounded,bounds
bout,bouts
bow,bows
bowed,bows
bowing,bows
bowl,bowls
bowled,bowls
bowler,bowlers
bowling,bowls
box,boxing
boxed,boxing
boxer,boxers
boxes,boxing
boy,boys
boyfriend,boyfriends
boyhood,boys
bra,bras
brace,bracing
bracelet,bracelets
braces,bracing
bracket,brackets
brag,bragging
brain,brains
brake,braking
brakes,braking
branch,branching
branched,branching
branches,branching
brand,brands
branded,brands
branding,brands
brave,braves
bravery,braves
breach,breaches
breached,breaches
break,broken
breakdown,breakdowns
breaker,breakers
breaking,broken
breaks,broken
breast,breasts
breath,breaths
breathe,breathing
breathed,breathing
breathes,breathing
bred,breeds
breed,breeds
breeder,breeds
breeders,breeds
breeding,breeds
brethren,brothers
brew,brewing
brewed,brewing
brewer,brewing
breweries,brewery
brewers,brewing
bribe,bribes
bribery,bribes
brick,bricks
bride,brides
bridge,bridging
bridges,bridging
brief,briefs
briefed,briefs
briefing,briefs
briefings,briefs
briefly,briefs
brigade,brigades
bright,brightness
brighter,brightness
brightest,brightness
brightly,brightness
bring,brought
bringing,brought
brings,brought
brit,brits
bro,bros
broad,broadly
broadcast,broadcasts
broadcaster,broadcasts
broadcasters,broadcasts
broadcasting,broadcasts
broader,broadly
broke,broken
broker,brokers
brood,brooding
brook,brooks
brother,brothers
brow,brows
brown,browns
browning,browns
brownish,browns
browse,browsing
browser,browsers
bruise,bruising
bruised,bruising
bruises,bruising
brush,brushing
brushed,brushing
brushes,brushing
brutal,brutally
brutality,brutally
bubble,bubbling
bubbles,bubbling
buck,bucks
bucket,buckets
bud,buds
buddhism,buddhists
buddhist,buddhists
buddies,buddy
budding,buds
budget,budgets
budgetary,budgets
budgeting,budgets
bug,bugs
bugged,bugs
bugging,bugs
build,built
builder,builders
building,built
buildings,built
builds,built
bulb,bulbs
bull,bulls
bulldog,bulldogs
bullet,bullets
bullied,bullying
bullies,bullying
bully,bullying
bum,bums
bummed,bums
bump,bumpy
bumped,bumpy
bumping,bumpy
bumps,bumpy
bun,buns
bundle,bundles
bundled,bundles
bunker,bunkers
bunnies,bunny
burden,burdens
burdened,burdens
burger,burgers
buried,burying
burn,burnt
burned,burnt
burning,burnt
burns,burnt
burrow,burrows
burst,bursts
bursting,bursts
bury,burying
bus,buses
bush,bushes
busiest,busy
business,businesses
businessman,businessmen
bust,busts
busted,busts
buster,busts
busting,busts
butt,butts
butterflies,butterfly
button,buttons
buy,buys
buyer,buyers
buying,buys
buzz,buzzing
byte,bytes
ca,cas
cab,cabs
cabin,cabins
cabinet,cabinets
cable,cables
cadet,cadets
cafe,cafes
cage,cages
cake,cakes
calculate,calculating
calculated,calculating
calculates,calculating
calculation,calculations
calendar,calendars
calf,calves
call,calls
called,calls
caller,calls
callers,calls
calling,calls
calm,calmly
calmed,calmly
calming,calmly
cam,cams
came,coming
camel,camels
camera,cameras
camp,camps
campaign,campaigns
campaigned,campaigns
campaigning,campaigns
camped,camps
camper,camps
campers,camps
camping,camps
can,could
canadian,canadians
canal,canals
cancel,cancels
cancellation,cancels
cancellations,cancels
cancelled,cancels
cancelling,cancels
cancer,cancers
cancerous,cancers
candidate,candidates
candies,candy
candle,candles
cane,canes
cannon,cannons
canon,canons
cans,could
cap,caps
capabilities,capability
capacities,capacity
capital,capitals
capitalist,capitalists
capitalize,capitalized
capped,caps
capsule,capsules
captain,captains
caption,captions
captive,captives
capture,capturing
captured,capturing
captures,capturing
car,cars
carb,carbs
carbohydrate,carbohydrates
card,cards
cardinal,cardinals
care,caring
cared,caring
career,careers
careful,carefully
caregiver,caregivers
cares,caring
carlo,carlos
carpet,carpets
carriage,carriages
carried,carrying
carrier,carriers
carries,carrying
carrot,carrots
carry,carrying
cart,carts
cartel,cartels
cartoon,cartoons
cartridge,cartridges
carve,carving
carved,carving
carver,carving
case,casing
cases,casing
cash,cashed
casino,casinos
cast,casts
casting,casts
castle,castles
casual,casually
casualties,casualty
cat,cats
catalyst,catalysts
catastrophe,catastrophic
catch,caught
catches,caught
catching,caught
categories,category
cater,caters
catered,caters
catering,caters
catholic,catholics
catholicism,catholics
cause,causing
caused,causing
causes,causing
cautious,cautiously
cavalier,cavaliers
cave,caves
cavities,cavity
cd,cds
ce,ces
cease,ceases
ceased,ceases
ceiling,ceilings
celebrate,celebrations
celebrated,celebrations
celebrates,celebrations
celebrating,celebrations
celebration,celebrations
celebrities,celebrity
cell,cells
cement,cemented
cemeteries,cemetery
censor,censored
cent,cents
center,centers
centered,centers
central,centrally
centre,centres
centred,centres
centuries,century
ceo,ceos
ceramic,ceramics
cereal,cereals
ceremonies,ceremony
certificate,certificates
certification,certifications
chain,chains
chained,chains
chair,chairs
chaired,chairs
chairman,chairmen
challenge,challenging
challenged,challenging
challenger,challenging
challengers,challenging
challenges,challenging
chamber,chambers
champ,champs
champion,championships
championed,championships
champions,championships
championship,championships
chan,channing
chance,chances
change,changing
changed,changing
changes,changing
channel,channels
chant,chants
chanting,chants
chaos,chaotic
chap,chaps
chapter,chapters
character,characters
characteristic,characteristics
characterize,characterized
charge,charging
charged,charging
charger,chargers
charges,charging
charities,charity
charm,charms
charmed,charms
charming,charms
chart,charts
charter,charters
chartered,charters
charting,charts
chase,chasing
chased,chasing
chases,chasing
chat,chatting
chats,chatting
chatted,chatting
cheap,cheaply
cheaper,cheaply
cheapest,cheaply
cheat,cheats
cheated,cheats
cheating,cheats
check,checks
checked,checks
checking,checks
checkpoint,checkpoints
cheek,cheeks
cheer,cheers
cheered,cheers
cheering,cheers
cheerleader,cheerleaders
cheese,cheeses
chef,chefs
chemical,chemicals
chemically,chemicals
chemist,chemists
cheque,cheques
cherish,cherished
cherries,cherry
chest,chests
chew,chewing
chewed,chewing
chick,chicks
chicken,chickens
chief,chiefs
child,children
chill,chills
chilled,chills
chilling,chills
chip,chips
chipped,chips
chipping,chips
chocolate,chocolates
choice,choices
choke,choking
choked,choking
choose,chosen
chooses,chosen
choosing,chosen
chop,chops
chopped,chops
chopping,chops
chord,chords
chore,chores
choreographer,choreography
chose,chosen
christian,christians
chromosome,chromosomes
chronic,chronically
chronicle,chronicles
chuckle,chuckles
chunk,chunks
church,churches
ci,cis
cigar,cigars
cigarette,cigarettes
cinema,cinematic
cinemas,cinematic
circle,circling
circled,circling
circles,circling
circuit,circuits
circulate,circulating
circulated,circulating
circumstance,circumstances
citation,citations
cite,citing
cited,citing
cites,citing
cities,city
citizen,citizens
civilian,civilians
civilization,civilizations
claim,claims
claimant,claims
claimants,claims
claimed,claims
claiming,claims
clam,clams
clan,clans
clap,clapping
clapped,clapping
clarification,clarifying
clarified,clarifying
clarify,clarifying
clash,clashes
clashed,clashes
class,classes
classed,classes
classic,classics
classification,classifications
classified,classify
classmate,classmates
classroom,classrooms
clause,clauses
claw,claws
clean,cleans
cleaned,cleans
cleaner,cleans
cleaners,cleans
cleaning,cleans
cleanse,cleansing
clear,clears
cleared,clears
clearer,clears
clearing,clears
clearly,clears
cleric,clerics
clerk,clerks
clever,cleverly
click,clicks
clicked,clicks
clicking,clicks
client,clients
cliff,cliffs
climate,climatic
climates,climatic
climb,climbs
climbed,climbs
climber,climbs
climbers,climbs
climbing,climbs
clinch,clinched
cling,clinging
clinic,clinics
clinical,clinically
clip,clips
clipped,clips
clipping,clips
clock,clocks
clocked,clocks
clone,cloning
clones,cloning
close,closing
closed,closing
closely,closing
closeness,closing
closer,closing
closes,closing
closest,closing
closure,closures
cloth,cloths
cloud,clouds
clown,clowns
club,clubs
clue,clues
cluster,clusters
clustered,clusters
clutch,clutching
clutches,clutching
cm,cms
coach,coaching
coached,coaching
coaches,coaching
coast,coasts
coastal,coasts
coaster,coasters
coat,coats
coated,coats
coating,coats
coatings,coats
cock,cocks
cockroach,cockroaches
cocktail,cocktails
code,coding
coded,coding
codes,coding
coefficient,coefficients
cognition,cognitive
coherence,coherent
cohesion,cohesive
coil,coils
coin,coins
coincide,coincides
coincided,coincides
coined,coins
cold,coldest
colder,coldest
cole,coles
collaborate,collaborators
collaborated,collaborators
collaborating,collaborators
collaboration,collaborators
collaborations,collaborators
collaborative,collaborators
collaborator,collaborators
collapse,collapsing
collapsed,collapsing
collapses,collapsing
collar,collars
colleague,colleagues
collect,collects
collected,collects
collectible,collectibles
collecting,collects
collection,collections
collective,collectively
collector,collectors
college,colleges
collide,collided
collision,collisions
colonies,colony
color,colors
colored,colors
coloring,colors
colour,colours
coloured,colours
colouring,colours
colt,colts
column,columns
comb,combs
combat,combating
combination,combinations
combine,combining
combined,combining
combines,combining
come,coming
comedian,comedians
comedies,comedy
comes,coming
comet,comets
comfort,comforts
comfortable,comfortably
comforted,comforts
comforting,comforts
comic,comics
command,commands
commanded,commands
commander,commanders
commanding,commands
commandment,commandments
commemorate,commemorative
commemorating,commemorative
commemoration,commemorative
commence,commencing
commenced,commencing
commend,commended
comment,comments
commentaries,commentary
commentator,commentators
commented,comments
commenting,comments
commercial,commercials
commission,commissions
commissioned,commissions
commissioner,commissioners
commissioning,commissions
commit,committing
commitment,commitments
commits,committing
committed,committing
committee,committees
commodities,commodity
common,commonly
communicate,communicating
communicated,communicating
communicates,communicating
communication,communications
communism,communists
communist,communists
communities,community
commute,commuting
commuter,commuters
companies,company
companion,companionship
companions,companionship
comparative,comparatively
compare,comparing
compared,comparing
compares,comparing
comparison,comparisons
compartment,compartments
compatibility,compatible
compel,compelling
compelled,compelling
compensate,compensated
compete,competing
competed,competing
competes,competing
competition,competitions
competitive,competitiveness
competitor,competitors
compilation,compiling
compile,compiling
compiled,compiling
complain,complains
complained,complains
complaining,complains
complaint,complaints
complement,complemented
complete,completion
completed,completion
completely,completion
completeness,completion
completes,completion
completing,completion
complex,complexes
complexities,complexity
compliance,compliant
complicate,complicated
complication,complications
complied,complying
compliment,compliments
complimented,compliments
comply,complying
component,components
compose,composing
composed,composing
composer,composers
composite,composites
composition,compositions
compound,compounds
compounded,compounds
compounding,compounds
comprise,comprising
comprised,comprising
comprises,comprising
compromise,compromising
compromised,compromising
compromises,compromising
computation,computational
compute,computing
computed,computing
computer,computers
comrade,comrades
conceal,concealing
concealed,concealing
concede,conceding
conceded,conceding
conceive,conceived
concentrate,concentrating
concentrated,concentrating
concentrates,concentrating
concentration,concentrations
concept,concepts
concern,concerns
concerned,concerns
concerning,concerns
concert,concerts
concession,concessions
conclude,concluding
concluded,concluding
concludes,concluding
conclusion,conclusions
concurrent,concurrently
condemn,condemns
condemnation,condemns
condemned,condemns
condemning,condemns
condition,conditions
conditioned,conditions
conditioning,conditions
condo,condos
condom,condoms
conduct,conducts
conducted,conducts
conducting,conducts
conductor,conductors
cone,cones
confer,conferred
conference,conferences
confess,confesses
confessed,confesses
confession,confessions
confident,confidently
confidential,confidentiality
configuration,configurations
confirm,confirms
confirmed,confirms
confirming,confirms
conflict,conflicts
conflicted,conflicts
conflicting,conflicts
conform,conforming
confront,confronts
confronted,confronts
confronting,confronts
confuse,confusing
confused,confusing
congested,congestion
congratulate,congratulated
congregation,congregations
congress,congressional
congressman,congressmen
conn,cons
connect,connects
connected,connects
connecting,connects
connection,connections
connector,connectors
conquer,conqueror
conquered,conqueror
conquering,conqueror
conscious,consciousness
consciously,consciousness
consent,consented
consequence,consequences
conservative,conservatives
conserve,conserved
consider,considers
considerable,considerably
consideration,considerations
considered,considers
considering,considers
consist,consists
consisted,consists
consistent,consistently
consisting,consists
console,consoles
consolidate,consolidation
consolidated,consolidation
consolidating,consolidation
constant,constantly
constituencies,constituency
constituent,constituents
constitute,constitutes
constituted,constitutes
constitutional,constitutionally
constraint,constraints
construct,constructs
constructed,constructs
constructing,constructs
construction,constructions
consul,consular
consult,consulting
consultancy,consultants
consultant,consultants
consultation,consultative
consultations,consultative
consulted,consulting
consume,consuming
consumed,consuming
consumer,consumers
consumes,consuming
contact,contacts
contacted,contacts
contacting,contacts
contain,contains
contained,contains
container,containers
containing,contains
contemplate,contemplation
contemplated,contemplation
contemplating,contemplation
contemporaries,contemporary
contend,contends
contended,contends
contender,contends
contenders,contends
content,contents
contest,contests
contestant,contestants
contested,contests
contesting,contests
context,contextual
contexts,contextual
continent,continents
continental,continents
continual,continually
continue,continuing
continued,continuing
continues,continuing
continuous,continuously
contour,contours
contract,contracts
contracted,contracts
contracting,contracts
contraction,contractions
contractor,contractors
contradict,contradicts
contradicted,contradicts
contradiction,contradicts
contradictions,contradicts
contrast,contrasts
contrasted,contrasts
contrasting,contrasts
contribute,contributors
contributed,contributors
contributes,contributors
contributing,contributors
contribution,contributors
contributions,contributors
contributor,contributors
control,controls
controlled,controls
controller,controllers
controlling,controls
controversial,controversy
controversies,controversy
convenient,conveniently
convention,conventions
converge,convergence
conversation,conversations
converse,conversely
conversion,conversions
convert,converts
converted,converts
converting,converts
convey,conveys
conveyed,conveys
conveying,conveys
conveyor,conveys
convict,convicts
convicted,convicts
conviction,convictions
convince,convincingly
convinced,convincingly
convincing,convincingly
cook,cooks
cooked,cooks
cooking,cooks
cool,cooling
cooled,cooling
cooler,cooling
coolest,cooling
cooperate,cooperating
coordinate,coordinating
coordinated,coordinating
coordinates,coordinating
cop,cops
cope,coping
copied,copying
copies,copying
copy,copying
copyright,copyrighted
cord,cords
core,cores
corner,corners
cornered,corners
corporation,corporations
corpse,corpses
correct,correctness
corrected,correctness
correcting,correctness
correction,corrections
correctional,corrections
correctly,correctness
correlate,correlations
correlated,correlations
correlation,correlations
correspond,corresponds
correspondent,correspondents
corresponding,corresponds
corridor,corridors
corrosion,corrosive
corrupt,corrupted
cosmetic,cosmetics
cost,costs
costing,costs
costume,costumes
cottage,cottages
cough,coughing
council,councils
councillor,councillors
counsel,counselling
counseling,counselling
count,counts
counted,counts
counter,counters
countered,counters
counterpart,counterparts
counties,county
counting,counts
countries,country
couple,coupling
coupled,coupling
couples,coupling
coupon,coupons
course,courses
court,courts
courting,courts
cousin,cousins
cover,covers
covered,covers
covering,covers
cow,cows
coward,cowards
cowardly,cowards
cowboy,cowboys
coworker,coworkers
coyote,coyotes
crab,crabs
crack,cracks
cracked,cracks
cracker,crackers
cracking,cracks
craft,crafts
crafted,crafts
crafting,crafts
craftsman,craftsmen
craftsmanship,craftsmen
cram,crammed
crane,cranes
crash,crashing
crashed,crashing
crashes,crashing
crate,crates
crave,cravings
craving,cravings
crawl,crawling
crawled,crawling
craze,crazed
crazier,crazy
craziest,crazy
craziness,crazy
cream,creamy
creams,creamy
create,creating
created,creating
creates,creating
creation,creations
creative,creativity
creator,creators
creature,creatures
credibility,credible
credit,credits
credited,credits
creditor,creditors
creep,crept
creeping,crept
creeps,crept
crew,crews
cricket,crickets
cricketer,cricketers
cried,crying
cries,crying
crime,crimes
criminal,criminals
criminally,criminals
cripple,crippling
crippled,crippling
crises,crisis
crisp,crisps
criteria,criterion
critic,critics
critical,critically
criticise,criticising
criticised,criticising
criticism,criticisms
criticize,criticizing
criticized,criticizing
criticizes,criticizing
critique,critiques
crocodile,crocodiles
crook,crooks
crooked,crooks
crop,crops
cropped,crops
cross,crossings
crossed,crossings
crosses,crossings
crossing,crossings
crow,crows
crowd,crowds
crowded,crowds
crown,crowns
crowned,crowns
crowning,crowns
cruel,cruelty
cruise,cruising
cruiser,cruisers
cruises,cruising
crumble,crumbling
crunch,crunchy
crunching,crunchy
crusade,crusaders
crusader,crusaders
crush,crushing
crushed,crushing
crushes,crushing
cry,crying
crystal,crystals
cub,cubs
cube,cubes
cuddle,cuddly
cuddling,cuddly
cue,cues
cuff,cuffs
cult,cults
cultivate,cultivating
cultivated,cultivating
cultural,cultures
culture,cultures
cultured,cultures
cum,cummings
cumming,cummings
cunt,cunts
cup,cups
cure,curing
cured,curing
cures,curing
curious,curiously
curl,curly
curled,curly
curling,curly
curls,curly
currencies,currency
current,currents
currently,currents
curse,cursing
cursed,cursing
curses,cursing
curtain,curtains
curve,curvy
curved,curvy
curves,curvy
cushion,cushions
custodial,custody
custom,customs
customer,customers
customize,customized
cut,cutting
cute,cutest
cuts,cutting
cutter,cutters
cv,cvs
cycle,cycling
cycles,cycling
cyclist,cyclists
cylinder,cylindrical
cylinders,cylindrical
dad,dads
dam,dams
damage,damaging
damaged,damaging
damages,damaging
damn,damning
damned,damning
dance,dancing
danced,dancing
dancer,dancing
dancers,dancing
dances,dancing
dane,danes
danger,dangers
dangerous,dangerously
dare,daring
dared,daring
dares,daring
dark,darkness
darker,darkness
darkest,darkness
dart,darts
dash,dashing
dashed,dashing
database,databases
date,dating
dated,dating
dates,dating
daughter,daughters
davies,davy
day,days
deadliest,deadly
deadline,deadlines
deal,dealt
dealer,dealers
dealing,dealt
dealings,dealt
deals,dealt
dear,dearly
dearest,dearly
death,deaths
debate,debating
debated,debating
debates,debating
debt,debts
debut,debuts
debuted,debuts
decade,decades
decay,decaying
deceive,deceiving
deceived,deceiving
decide,deciding
decided,deciding
decidedly,deciding
decides,deciding
decision,decisions
decisive,decisively
deck,decks
declaration,declarations
declare,declaring
declared,declaring
declares,declaring
decline,declining
declined,declining
declines,declining
decorate,decorative
decorated,decorative
decorating,decorative
decoration,decorations
decrease,decreasing
decreased,decreasing
decreases,decreasing
decree,decreed
dedicate,dedicated
deduct,deducted
deduction,deductions
deed,deeds
deem,deems
deemed,deems
deep,deeply
deepen,deepening
deeper,deeply
deepest,deeply
default,defaults
defeat,defeats
defeated,defeats
defeating,defeats
defect,defects
defence,defences
defend,defends
defendant,defendants
defended,defends
defender,defends
defenders,defends
defending,defends
defense,defenses
defensive,defensively
defer,deferred
defiance,defiant
deficiencies,deficiency
deficit,deficits
defied,defying
define,defining
defined,defining
defines,defining
definite,definitely
definition,definitions
definitive,definitively
deflect,deflection
defy,defying
degradation,degrading
degrade,degrading
degraded,degrading
degree,degrees
deities,deity
delay,delays
delayed,delays
delaying,delays
delegate,delegates
delegated,delegates
delegation,delegations
delete,deletion
deleted,deletion
deleting,deletion
deliberate,deliberately
delight,delights
delighted,delights
delightful,delights
deliver,delivers
delivered,delivers
deliveries,delivery
delivering,delivers
delusion,delusions
dem,dems
demand,demands
demanded,demands
demanding,demands
demo,demos
democracies,democracy
democrat,democrats
democratic,democrats
democratically,democrats
demographic,demographics
demolish,demolition
demolished,demolition
demon,demons
demonic,demons
demonstrate,demonstrating
demonstrated,demonstrating
demonstrates,demonstrating
demonstration,demonstrations
denied,denying
denies,denying
denomination,denominations
denote,denotes
denoted,denotes
denounce,denounced
dense,densely
dentist,dentists
deny,denying
depart,departs
departed,departs
departing,departs
department,departments
departmental,departments
departure,departures
depend,depends
depended,depends
dependencies,dependency
depending,depends
depict,depicts
depicted,depicts
depicting,depicts
depiction,depicts
depictions,depicts
deploy,deployments
deployed,deployments
deploying,deployments
deployment,deployments
deport,deported
deposit,deposits
deposited,deposits
deprivation,deprived
deprive,deprived
depth,depths
deputies,deputy
derivative,derivatives
derive,derives
derived,derives
descend,descends
descendant,descendants
descended,descends
descending,descends
describe,describing
described,describing
describes,describing
description,descriptions
desert,deserts
deserted,deserts
deserve,deserving
deserved,deserving
deserves,deserving
design,designs
designate,designated
designed,designs
designer,designers
designing,designs
desire,desires
desired,desires
desk,desks
desperate,desperately
despise,despised
dessert,desserts
destination,destinations
destroy,destroys
destroyed,destroys
destroyer,destroyers
destroying,destroys
detail,details
detailed,details
detailing,details
detain,detained
detect,detects
detected,detects
detecting,detects
detective,detectives
detector,detects
detectors,detects
deteriorate,deterioration
deteriorated,deterioration
deteriorating,deterioration
determine,determining
determined,determining
determines,determining
detriment,detrimental
devastated,devastating
develop,develops
developed,develops
developer,developers
developing,develops
development,developments
developmental,developments
device,devices
devil,devils
devise,devised
devote,devoted
devotion,devotional
di,dis
diagnose,diagnostic
diagnosed,diagnostic
diagnoses,diagnostic
diagnosis,diagnostic
diagram,diagrams
dialect,dialects
dialogue,dialogues
diamond,diamonds
diaper,diapers
diaries,diary
dick,dicks
dictate,dictates
dictated,dictates
dictator,dictatorship
dictators,dictatorship
dictionaries,dictionary
did,done
die,dying
died,dying
dies,dying
diet,diets
dieting,diets
differ,differs
differed,differs
difference,differences
different,differently
differentiate,differentiation
differentiated,differentiation
differing,differs
difficulties,difficulty
dig,dug
digging,dug
digit,digits
digital,digitally
digs,dug
diligence,diligently
diligent,diligently
dilute,diluted
dimension,dimensions
dimensional,dimensions
diminish,diminishing
diminished,diminishing
dine,dining
diner,diners
dinner,dinners
dinosaur,dinosaurs
dip,dips
diplomat,diplomats
dipped,dips
dipping,dips
direct,directs
directed,directs
directing,directs
direction,directions
directive,directives
director,directors
directories,directory
disabilities,disability
disable,disabling
disabled,disabling
disadvantage,disadvantages
disadvantaged,disadvantages
disagree,disagrees
disagreed,disagrees
disagreement,disagreements
disappear,disappears
disappearance,disappears
disappeared,disappears
disappearing,disappears
disappoint,disappointing
disappointed,disappointing
disappointment,disappointments
disapproval,disapprove
disaster,disastrous
disasters,disastrous
disc,discs
discard,discarded
discharge,discharged
disciple,disciples
discipline,disciplines
disciplined,disciplines
disclose,disclosures
disclosed,disclosures
disclosing,disclosures
disclosure,disclosures
disconnect,disconnected
discontinue,discontinued
discount,discounts
discounted,discounts
discourage,discouraging
discouraged,discouraging
discover,discovers
discovered,discovers
discoveries,discovery
discovering,discovers
discredit,discredited
discrepancies,discrepancy
discretion,discretionary
discriminate,discriminating
discriminated,discriminating
discuss,discussions
discussed,discussions
discusses,discussions
discussing,discussions
discussion,discussions
disease,diseases
diseased,diseases
disgrace,disgraceful
disgraced,disgraceful
disguise,disguised
disgust,disgusting
disgusted,disgusting
dish,dishes
dishonest,dishonesty
disk,disks
dislike,dislikes
disliked,dislikes
dismantle,dismantling
dismantled,dismantling
dismiss,dismissing
dismissal,dismissing
dismissed,dismissing
dismisses,dismissing
disorder,disorders
disparate,disparity
disparities,disparity
dispatch,dispatched
dispense,dispensing
disperse,dispersion
dispersed,dispersion
display,displays
displayed,displays
displaying,displays
dispose,disposed
disproportionate,disproportionately
dispute,disputes
disputed,disputes
disregard,disregarded
disrespect,disrespectful
disrupt,disruptive
disrupted,disruptive
disrupting,disruptive
disruption,disruptive
dissatisfaction,dissatisfied
dissent,dissenting
dissident,dissidents
dissolve,dissolved
distance,distances
distinct,distinctly
distinction,distinctions
distinguish,distinguishing
distinguished,distinguishing
distinguishes,distinguishing
distract,distracting
distracted,distracting
distraction,distractions
distress,distressing
distressed,distressing
distribute,distributing
distributed,distributing
distributes,distributing
distribution,distributions
distributor,distributors
district,districts
disturb,disturbing
disturbance,disturbances
disturbed,disturbing
ditch,ditches
ditched,ditches
dive,doves
diver,divers
diversification,diversify
diversified,diversify
divert,diverted
dives,doves
divide,dividing
divided,dividing
dividend,dividends
divides,dividing
diving,doves
division,divisions
divisional,divisions
divorce,divorced
dizziness,dizzy
dj,djs
do,done
doc,docs
dock,docks
docked,docks
docking,docks
doctor,doctors
doctoral,doctors
doctrine,doctrines
document,documents
documentaries,documentary
documented,documents
documenting,documents
dodge,dodging
dodged,dodging
dodger,dodgers
doe,done
does,done
dog,dogs
doing,done
doll,dolls
dollar,dollars
dolphin,dolphins
domain,domains
domestic,domestically
dominance,dominant
dominate,domination
dominated,domination
dominates,domination
dominating,domination
don,dons
donate,donating
donated,donating
donation,donations
donor,donors
donut,donuts
doom,doomed
door,doors
dope,doping
dosage,doses
dose,doses
dot,dotted
dots,dotted
double,doubling
doubled,doubling
doubles,doubling
doubt,doubts
doubted,doubts
doubting,doubts
doughnut,doughnuts
dove,doves
down,downs
downed,downs
downgrade,downgraded
downing,downs
download,downloads
downloaded,downloads
downloading,downloads
draft,drafts
drafted,drafts
drafting,drafts
drag,drags
dragged,drags
dragging,drags
dragon,dragons
drain,drains
drained,drains
draining,drains
drama,dramas
dramatic,dramatically
drank,drunk
drastic,drastically
draw,drew
drawback,drawbacks
drawer,drawers
drawing,drew
drawings,drew
drawn,drew
draws,drew
dread,dreaded
dream,dreamt
dreamed,dreamt
dreamer,dreamt
dreamers,dreamt
dreaming,dreamt
dreams,dreamt
dress,dressing
dressed,dressing
dresses,dressing
dried,drying
drier,drying
dries,drying
drift,drifting
drifted,drifting
drill,drills
drilled,drills
drilling,drills
drink,drunk
drinker,drunk
drinkers,drunk
drinking,drunk
drinks,drunk
drip,dripping
drive,drove
driven,drove
driver,drivers
drives,drove
driving,drove
drone,drones
drop,drops
dropped,drops
dropping,drops
drown,drowning
drowned,drowning
drug,drugs
drugged,drugs
drum,drums
drummer,drums
drumming,drums
dry,drying
dual,duality
dub,dubbed
duck,ducks
duct,ducts
dude,dudes
duke,dukes
dumb,dumbest
dumber,dumbest
dummies,dummy
dump,dumps
dumped,dumps
dumping,dumps
dune,dunes
dungeon,dungeons
duplicate,duplication
durability,durable
dust,dusting
dusted,dusting
duties,duty
dwarf,dwarves
dwarfs,dwarves
dwell,dwellings
dwelling,dwellings
dye,dyes
dyed,dyes
dyer,dyes
dysfunction,dysfunctional
eager,eagerly
eagle,eagles
ear,ears
earlier,early
earliest,early
earn,earns
earned,earns
earning,earns
earthquake,earthquakes
ease,easing
eased,easing
easier,easy
easiest,easy
eat,eats
eaten,eats
eater,eats
eaters,eats
eating,eats
echo,echoing
echoed,echoing
echoes,echoing
economical,economically
economies,economy
economist,economists
ecosystem,ecosystems
ecstasy,ecstatic
ed,eds
edge,edging
edged,edging
edges,edging
edit,edits
edited,edits
editing,edits
edition,editions
editor,editors
educate,educating
educated,educating
education,educational
educator,educators
eel,eels
effect,effects
effected,effects
effective,effectiveness
effectively,effectiveness
efficiencies,efficiently
efficiency,efficiently
efficient,efficiently
effort,efforts
effortless,efforts
effortlessly,efforts
egg,eggs
ego,egos
egyptian,egyptians
eight,eighth
eighteen,eighteenth
elaborate,elaborated
elastic,elasticity
elbow,elbows
elder,elders
elect,electing
elected,electing
election,elections
electrical,electrically
electrode,electrodes
electron,electrons
electronic,electronically
elegance,elegant
element,elements
elephant,elephants
elevate,elevated
elevation,elevations
elevator,elevators
eleven,eleventh
elf,elves
eligibility,eligible
eliminate,elimination
eliminated,elimination
eliminates,elimination
eliminating,elimination
elite,elites
em,ems
embark,embarking
embarked,embarking
embarrass,embarrassment
embarrassed,embarrassment
embarrassing,embarrassment
embassies,embassy
embodied,embody
embodies,embody
embodiment,embody
embrace,embracing
embraced,embracing
embraces,embracing
embryo,embryos
emerge,emerging
emerged,emerging
emergence,emerging
emergencies,emergency
emergent,emerging
emerges,emerging
emission,emissions
emit,emitting
emitted,emitting
emotion,emotions
emotional,emotionally
emperor,emperors
emphasize,emphasizing
emphasized,emphasizing
emphasizes,emphasizing
empire,empires
employ,employs
employed,employs
employee,employees
employer,employers
employing,employs
empower,empowering
empowered,empowering
emptied,empty
emptiness,empty
enable,enabling
enabled,enabling
enables,enabling
enact,enactment
enacted,enactment
enacting,enactment
encompass,encompassing
encompasses,encompassing
encounter,encounters
encountered,encounters
encountering,encounters
encourage,encouraging
encouraged,encouraging
encouragement,encouraging
encourages,encouraging
end,ends
endanger,endangered
endeavor,endeavors
ended,ends
ending,ends
endings,ends
endless,endlessly
endorse,endorsing
endorsed,endorsing
endorsement,endorsing
endorsements,endorsing
endure,enduring
endured,enduring
enemies,enemy
energies,energy
enforce,enforcing
enforced,enforcing
enforcement,enforcing
engage,engaging
engaged,engaging
engagement,engagements
engages,engaging
engine,engines
engineer,engineers
engineered,engineers
engineering,engineers
enhance,enhancing
enhanced,enhancing
enhancement,enhancing
enhancements,enhancing
enhances,enhancing
enigma,enigmatic
enjoy,enjoys
enjoyable,enjoys
enjoyed,enjoys
enjoying,enjoys
enjoyment,enjoys
enlarge,enlargement
enlarged,enlargement
enlighten,enlightening
enlightened,enlightening
enlist,enlisted
enormous,enormously
enquiries,enquiry
enrich,enrichment
enriched,enrichment
enroll,enrolling
enrolled,enrolling
ensure,ensuring
ensured,ensuring
ensures,ensuring
entail,entails
enter,enters
entered,enters
entering,enters
enterprise,enterprises
entertain,entertaining
entertained,entertaining
entertainer,entertainers
enthusiast,enthusiasts
enthusiastic,enthusiasts
enthusiastically,enthusiasts
entice,enticing
entire,entirely
entities,entity
entrance,entrances
entrepreneur,entrepreneurs
entrepreneurial,entrepreneurs
entries,entry
envelope,envelopes
environment,environments
environmental,environments
envision,envisioned
enzyme,enzymes
eo,eos
episode,episodes
equal,equals
equally,equals
equation,equations
equip,equipped
equities,equity
equivalence,equivalents
equivalent,equivalents
era,eras
eradicate,eradication
erase,erased
erect,erection
erected,erection
error,errors
eruption,eruptions
escalate,escalation
escalated,escalation
escalating,escalation
escape,escaping
escaped,escaping
escapes,escaping
escort,escorts
escorted,escorts
essay,essays
essential,essentials
essentially,essentials
establish,establishing
established,establishing
establishes,establishing
establishment,establishments
estate,estates
esteem,esteemed
estimate,estimating
estimated,estimating
estimates,estimating
eternal,eternally
ethical,ethically
ethnic,ethnically
euro,euros
european,europeans
evacuate,evacuation
evacuated,evacuation
evaluate,evaluations
evaluated,evaluations
evaluating,evaluations
evaluation,evaluations
evan,evans
evangelical,evangelicals
even,evenly
evening,evenly
evenings,evenly
event,events
eventual,eventually
evidence,evidenced
evident,evidently
evil,evils
evoke,evoked
evolution,evolutionary
evolve,evolving
evolved,evolving
evolves,evolving
exaggerate,exaggeration
exaggerated,exaggeration
exaggerating,exaggeration
exam,exams
examination,examinations
examine,examining
examined,examining
examiner,examining
examines,examining
example,examples
excavation,excavations
exceed,exceeds
exceeded,exceeds
exceeding,exceeds
excel,excelled
exception,exceptions
exceptional,exceptionally
excerpt,excerpts
excess,excessively
excesses,excessively
excessive,excessively
exchange,exchanging
exchanged,exchanging
exchanges,exchanging
excite,exciting
excited,exciting
exclude,exclusion
excluded,exclusion
excludes,exclusion
excluding,exclusion
exclusive,exclusively
excursion,excursions
excuse,excuses
excused,excuses
execute,executing
executed,executing
execution,executions
executive,executives
exempt,exemptions
exempted,exemptions
exemption,exemptions
exercise,exercising
exercised,exercising
exercises,exercising
exert,exerted
exhaust,exhausting
exhausted,exhausting
exhibit,exhibits
exhibited,exhibits
exhibiting,exhibits
exhibition,exhibitions
exile,exiles
exiled,exiles
exist,exists
existed,exists
existence,existent
existing,exists
exit,exits
exited,exits
exiting,exits
expand,expands
expanded,expands
expanding,expands
expansion,expansions
expect,expects
expectation,expectations
expected,expects
expecting,expects
expedition,expeditions
expel,expelled
expenditure,expenditures
expense,expenses
experience,experiencing
experienced,experiencing
experiences,experiencing
experiment,experiments
experimentation,experiments
experimented,experiments
experimenting,experiments
expert,experts
expire,expires
expired,expires
explain,explains
explained,explains
explaining,explains
explanation,explanations
explicit,explicitly
explode,exploding
exploded,exploding
explodes,exploding
exploit,exploits
exploitation,exploits
exploited,exploits
exploiting,exploits
exploration,exploring
explorations,exploring
explore,exploring
explored,exploring
explorer,exploring
explorers,exploring
explores,exploring
explosion,explosions
explosive,explosives
exponential,exponentially
export,exports
exported,exports
exporter,exports
exporters,exports
exporting,exports
expose,exposing
exposed,exposing
exposes,exposing
exposure,exposures
express,expressing
expressed,expressing
expresses,expressing
expression,expressions
extend,extends
extended,extends
extending,extends
extension,extensions
extensive,extensively
external,externally
extra,extras
extract,extracts
extracted,extracts
extracting,extracts
extraordinarily,extraordinary
extreme,extremes
extremely,extremes
extremism,extremists
extremist,extremists
eye,eyes
eyeball,eyeballs
eyebrow,eyebrows
eyed,eyes
eyeing,eyes
fabric,fabrics
face,facing
faced,facing
faces,facing
facet,facets
facilitate,facilitating
facilitated,facilitating
facilitates,facilitating
facilities,facility
fact,facts
faction,factions
factor,factors
factories,factory
faculties,faculty
fade,fading
faded,fading
fades,fading
fail,fails
failed,fails
failing,fails
failure,failures
faint,fainted
fair,fairs
fairer,fairs
fairest,fairs
fairies,fairy
faith,faiths
faithful,faithfully
fake,faking
faked,faking
fakes,faking
falcon,falcons
fall,fell
fallen,fell
falling,fell
falls,fell
false,falsely
familiar,familiarity
families,family
fan,fans
fanatic,fanatics
fancied,fancy
fanning,fans
fantasies,fantasy
far,furthest
fare,fares
farm,farms
farmed,farms
farmer,farmers
farming,farms
fart,farts
farther,furthest
fascism,fascists
fascist,fascists
fashion,fashions
fashioned,fashions
fast,fasting
faster,fasting
fastest,fasting
fat,fats
fatal,fatally
fatalities,fatality
fate,fates
fated,fates
father,fathers
fault,faults
favor,favours
favorably,favourable
favored,favours
favoring,favours
favorite,favorites
favors,favours
favour,favours
favoured,favours
favourite,favourites
fear,fears
feared,fears
fearing,fears
fearless,fears
feasibility,feasible
feat,feats
feather,feathers
feature,featuring
featured,featuring
features,featuring
fed,fees
fee,fees
feed,fees
feeding,fees
feeds,fees
feel,felt
feeling,felt
feelings,felt
feels,felt
feet,footing
fella,fellas
fellow,fellows
fellowship,fellowships
female,females
feminine,femininity
feminism,feminists
feminist,feminists
fence,fencing
fenced,fencing
fences,fencing
fern,ferns
ferries,ferry
fertile,fertility
festival,festivals
fetch,fetched
ff,ffs
fiber,fibers
fibre,fibres
fiction,fictional
field,fields
fielding,fields
fierce,fiercely
fifteen,fifteenth
fig,figs
fight,fought
fighter,fighters
fighting,fought
fights,fought
figure,figuring
figured,figuring
figures,figuring
file,filings
filed,filings
files,filings
filing,filings
filipino,filipinos
fill,fills
filled,fills
filling,fills
film,films
filmed,films
filming,films
filmmaker,filmmakers
filter,filters
filtered,filters
filtering,filters
filth,filthy
fin,fins
final,finals
finalist,finalists
finally,finals
finance,financing
financed,financing
finances,financing
financial,financially
find,founding
finding,founding
findings,founding
finds,founding
fine,finest
fined,finest
finer,finest
fines,finest
finger,fingers
fingerprint,fingerprints
finish,finishing
finished,finishing
finishes,finishing
fire,firing
firearm,firearms
fired,firing
firefighter,firefighters
fireman,firemen
fires,firing
firm,firms
fish,fishing
fisheries,fishery
fisherman,fishermen
fishes,fishing
fist,fists
fit,fittings
fits,fittings
fitted,fittings
fitting,fittings
fix,fixing
fixed,fixing
fixes,fixing
fixture,fixtures
flag,flags
flagged,flags
flake,flakes
flame,flaming
flames,flaming
flank,flanks
flanked,flanks
flap,flaps
flare,flares
flared,flares
flash,flashing
flashback,flashbacks
flashed,flashing
flashes,flashing
flat,flattering
flats,flattering
flatter,flattering
flattered,flattering
flavor,flavors
flavored,flavors
flavour,flavours
flaw,flaws
flawed,flaws
flawless,flaws
flea,fleas
fled,fleeing
flee,fleeing
fleet,fleets
fleeting,fleets
flew,flying
flexibility,flexible
flies,flying
flight,flights
fling,flung
flip,flips
flipped,flips
flipping,flips
flirt,flirting
float,floats
floated,floats
floating,floats
flood,floods
flooded,floods
flooding,floods
floor,floors
flooring,floors
flop,flops
floppy,flops
flourish,flourishing
flourished,flourishing
flow,flows
flowed,flows
flower,flowers
flowering,flowers
flowing,flows
flown,flying
fluff,fluffy
fluid,fluids
fluorescence,fluorescent
flush,flushing
flushed,flushing
fly,flying
flyer,flyers
focus,focussed
focused,focussed
focuses,focussed
focusing,focussed
foe,foes
fog,foggy
fold,folds
folded,folds
folder,folders
folding,folds
folk,folks
follow,follows
followed,follows
follower,followers
following,follows
fond,fondness
fondly,fondness
font,fonts
food,foods
fool,fools
fooled,fools
fooling,fools
foot,footing
football,footballers
footballer,footballers
footed,footing
footnote,footnotes
footprint,footprints
forage,foraging
forbid,forbids
forbidden,forbids
force,forcing
forced,forcing
forceful,forcefully
forces,forcing
forecast,forecasts
forecasting,forecasts
foreigner,foreigners
forensic,forensics
foresee,foreseeable
forest,forests
forge,forging
forged,forging
forget,forgotten
forgets,forgotten
forgetting,forgotten
forgive,forgiving
forgiven,forgiving
forgot,forgotten
fork,forks
form,forms
formal,formally
format,formatting
formation,formations
formats,formatting
formed,forms
forming,forms
formula,formulas
formulate,formulation
formulated,formulation
fort,forts
fortunate,fortunately
fortune,fortunes
forum,forums
forward,forwards
forwarded,forwards
forwarding,forwards
fossil,fossils
foster,fosters
fostered,fosters
fostering,fosters
foul,fouls
found,founding
foundation,foundations
founded,founding
founder,founding
founders,founding
fountain,fountains
fourteen,fourteenth
fox,foxes
fraction,fractions
fracture,fractures
fractured,fractures
fragment,fragments
fragmentation,fragments
fragmented,fragments
frame,framing
framed,framing
frames,framing
framework,frameworks
franc,francs
franchise,franchises
frank,franks
frankly,franks
frantic,frantically
freak,freaky
freaked,freaky
freaking,freaky
freaks,freaky
free,frees
freed,frees
freedom,freedoms
freeing,frees
freely,frees
freeze,frozen
freezes,frozen
freezing,frozen
frequencies,frequency
frequent,frequently
frequented,frequently
fresh,freshness
freshly,freshness
freshman,freshmen
friday,fridays
fried,frying
friend,friends
friendship,friendships
fries,frying
fringe,fringes
frog,frogs
front,fronts
fronted,fronts
frontier,frontiers
frown,frowned
froze,frozen
fruit,fruits
frustration,frustrations
fry,frying
fuck,fucks
fucked,fucks
fucker,fuckers
fucking,fucks
fugitive,fugitives
fulfil,fulfillment
fulfill,fulfillment
fulfilled,fulfillment
fulfilling,fulfillment
full,fullest
fuller,fullest
function,functions
functional,functionally
functioning,functions
fund,funds
fundamental,fundamentals
fundamentally,fundamentals
funded,funds
funding,funds
funeral,funerals
fungal,fungus
fungi,fungus
funnier,funny
funniest,funny
furious,furiously
furnish,furnished
further,furthest
fuse,fused
future,futures
gadget,gadgets
gain,gains
gained,gains
gaining,gains
gal,gals
galaxies,galaxy
galleries,gallery
gallon,gallons
gamble,gambling
gambler,gambling
gamblers,gambling
game,gaming
gamer,gamers
games,gaming
gang,gangs
gangster,gangsters
gap,gaps
garage,garages
garden,gardens
gardener,gardens
gardeners,gardens
gardening,gardens
garment,garments
garner,garnered
gas,gases
gate,gates
gated,gates
gather,gathers
gathered,gathers
gathering,gathers
gatherings,gathers
gator,gators
gauge,gauges
gave,giving
gay,gays
gaze,gazing
gear,gears
geared,gears
gearing,gears
geek,geeks
geese,goose
gem,gems
gender,genders
gene,genes
genera,genus
general,generals
generate,generating
generated,generating
generates,generating
generation,generations
generator,generators
generosity,generously
generous,generously
genetic,genetically
genital,genitals
genius,geniuses
genre,genres
gent,gents
gentle,gently
gentleman,gentlemen
genuine,genuinely
geographic,geography
geographically,geography
geological,geology
geologist,geology
geologists,geology
germ,germs
german,germans
gesture,gestures
get,got
gets,got
getting,got
ghost,ghosts
gi,gis
giant,giants
gif,gifs
gift,gifts
gifted,gifts
gig,gigs
giggle,giggling
giggles,giggling
girl,girls
girlfriend,girlfriends
give,giving
giveaway,giveaways
given,giving
giver,giving
gives,giving
glacier,glaciers
glad,gladly
glance,glanced
gland,glands
glare,glaring
glass,glasses
glaze,glazed
glide,gliding
glimpse,glimpses
glitch,glitches
glitter,glittering
global,globally
glove,gloves
glow,glowing
glue,glued
go,went
goal,goals
goat,goats
god,gods
goes,went
going,went
gold,golds
golf,golfing
golfer,golfing
golfers,golfing
gone,went
goon,goons
gospel,gospels
govern,governs
governed,governs
governing,governs
government,governments
governmental,governments
governor,governors
gown,gowns
gp,gps
grab,grabs
grabbed,grabs
grabbing,grabs
grace,graces
graceful,gracefully
grade,grading
graded,grading
grader,graders
grades,grading
gradual,gradually
graduate,graduating
graduated,graduating
graduates,graduating
grain,grains
gram,grams
grant,grants
granted,grants
granting,grants
grape,grapes
graph,graphs
grapple,grappling
grasp,grasping
grass,grassy
grasses,grassy
grate,grating
grated,grating
grave,graves
great,greats
greater,greats
greatest,greats
greatly,greats
greatness,greats
greek,greeks
green,greens
greener,greens
greet,greets
greeted,greets
greeting,greets
greetings,greets
grenade,grenades
grew,grows
grid,grids
grievance,grievances
grieve,grieving
grill,grilling
grilled,grilling
grime,grimes
grin,grinning
grind,grounds
grinding,grounds
grip,grips
gripped,grips
gripping,grips
grizzlies,grizzly
groceries,grocery
groom,grooming
groomed,grooming
groove,grooves
gross,grossly
grossed,grossly
grossing,grossly
ground,grounds
grounded,grounds
group,groups
grouped,groups
grouping,groups
grove,groves
grow,grows
growing,grows
grown,grows
guarantee,guarantees
guaranteed,guarantees
guaranteeing,guarantees
guard,guards
guarded,guards
guardian,guardians
guarding,guards
guerrilla,guerrillas
guess,guessing
guessed,guessing
guesses,guessing
guest,guests
guide,guiding
guided,guiding
guideline,guidelines
guides,guiding
guinea,guineas
guitar,guitars
guitarist,guitars
gum,gums
gun,guns
gunman,gunmen
gunned,guns
gunner,gunners
gunshot,gunshots
gust,gusts
gut,gutted
guts,gutted
guy,guys
gym,gyms
gypsies,gypsy
habit,habits
habitat,habitats
hack,hacks
hacked,hacks
hacker,hackers
hacking,hacks
had,having
hail,hails
hailed,hails
hailing,hails
hair,hairs
half,halves
hall,halls
hallway,hallways
halt,halted
hammer,hammers
hammered,hammers
hammering,hammers
hamper,hampered
han,hans
hand,hands
handbag,handbags
handed,hands
handicap,handicapped
handing,hands
handle,handling
handled,handling
handler,handlers
handles,handling
handwriting,handwritten
hang,hung
hanged,hung
hanging,hung
hangs,hung
hank,hanks
happen,happens
happened,happens
happening,happens
happenings,happens
happier,happy
happiest,happy
happily,happy
happiness,happy
harass,harassment
harassed,harassment
harassing,harassment
hard,hardness
harden,hardened
harder,hardness
hardest,hardness
hardship,hardships
harm,harms
harmed,harms
harming,harms
harmonies,harmony
harsh,harshly
harvest,harvesting
harvested,harvesting
has,having
hastily,hasty
hat,hats
hatch,hatched
hate,hating
hated,hating
hater,hating
haters,hating
hates,hating
haul,hauling
hauled,hauling
haunt,haunts
haunted,haunts
haunting,haunts
have,having
hawk,hawks
hawking,hawks
hay,hays
hazard,hazards
head,heads
headache,headaches
headed,heads
header,headers
heading,heads
headline,headlines
headphone,headphones
heal,heals
healed,heals
healer,heals
healing,heals
healthier,healthy
heap,heaps
hear,hears
heard,hears
hearing,hears
hearings,hears
heart,hearts
heartbreak,heartbroken
heartbreaking,heartbroken
heat,het
heated,het
heater,heaters
heating,het
heats,het
heaven,heavens
heavier,heavy
heaviest,heavy
heavily,heavy
hebrew,hebrews
hectare,hectares
hedge,hedges
heel,heels
height,heights
heir,heirs
helicopter,helicopters
helmet,helmets
help,helps
helped,helps
helper,helps
helpers,helps
helping,helps
hen,hens
herb,herbs
herbal,herbs
herd,herds
hero,heroes
hesitate,hesitation
hid,hiding
hidden,hiding
hide,hiding
hides,hiding
hierarchical,hierarchy
high,highs
higher,highs
highest,highs
highland,highlands
highlight,highlights
highlighted,highlights
highlighting,highlights
highway,highways
hijack,hijacking
hijacked,hijacking
hike,hiking
hikes,hiking
hill,hilly
hills,hilly
hinder,hindered
hindu,hindus
hinge,hinges
hint,hints
hinted,hints
hinting,hints
hip,hips
hire,hiring
hired,hiring
hires,hiring
hispanic,hispanics
historian,historians
historical,historically
histories,history
hit,hitting
hits,hitting
hitter,hitters
hive,hives
hoard,hoarding
hobbies,hobby
hog,hogs
hold,holds
holder,holders
holding,holds
holdings,holds
hole,holes
holiday,holidays
holiness,holy
home,homes
homeless,homelessness
homeowner,homeowners
homer,homers
homicide,homicides
homophobia,homophobic
homosexual,homosexuals
homosexuality,homosexuals
honor,honors
honored,honors
honoring,honors
honour,honours
honoured,honours
hood,hoods
hooded,hoods
hook,hooks
hooked,hooks
hooker,hookers
hooking,hooks
hoop,hoops
hop,hops
hope,hoping
hoped,hoping
hopeless,hopelessly
hopes,hoping
hopped,hops
hopping,hops
horde,hordes
horizon,horizons
horizontal,horizontally
hormonal,hormones
hormone,hormones
horn,horns
hornet,hornets
horrible,horribly
horror,horrors
horse,horses
horticultural,horticulture
hospital,hospitals
host,hosts
hostage,hostages
hosted,hosts
hostilities,hostility
hosting,hosts
hot,hottest
hotel,hotels
hotter,hottest
hound,hounds
hour,hours
house,housing
housed,housing
household,households
houses,housing
housewife,housewives
hover,hovering
howl,howling
hr,hrs
hub,hubs
hug,hugs
huge,hugely
hugged,hugs
hugging,hugs
hum,humming
human,humans
humble,humbly
humbled,humbly
hunt,hunts
hunted,hunts
hunter,hunters
hunting,hunts
hurdle,hurdles
hurricane,hurricanes
hurried,hurry
hurt,hurts
hurtful,hurts
hurting,hurts
husband,husbands
huskies,husky
hut,huts
hybrid,hybrids
hymn,hymns
hypocrite,hypocritical
hypocrites,hypocritical
hypotheses,hypothesis
ice,icing
iced,icing
icon,icons
id,ids
idea,ideas
ideal,ideals
idealism,idealistic
ideally,ideals
identifiable,identifying
identification,identifying
identified,identifying
identifies,identifying
identify,identifying
identities,identity
ideological,ideology
ideologies,ideology
idiot,idiots
idiotic,idiots
idol,idols
ignite,ignited
ignore,ignoring
ignored,ignoring
ignores,ignoring
illegal,illegals
illegally,illegals
illness,illnesses
illuminate,illuminating
illuminated,illuminating
illusion,illusions
illustrate,illustrator
illustrated,illustrator
illustrates,illustrator
illustrating,illustrator
illustration,illustrations
image,imaging
images,imaging
imaginable,imagining
imagine,imagining
imagined,imagining
imagines,imagining
imitate,imitating
immediate,immediately
immense,immensely
immigrant,immigrants
immortal,immortality
impact,impacts
impacted,impacts
impacting,impacts
impeach,impeachment
impeached,impeachment
imperialism,imperialist
implant,implants
implanted,implants
implement,implements
implementation,implements
implementations,implements
implemented,implements
implementing,implements
implication,implications
implicit,implicitly
implied,implying
implies,implying
imply,implying
import,imports
importance,importantly
important,importantly
imported,imports
importing,imports
impose,imposing
imposed,imposing
imposes,imposing
impress,impressed
impression,impressions
improper,improperly
improve,improving
improved,improving
improvement,improvements
improves,improving
impulse,impulses
incentive,incentives
inch,inches
incident,incidents
incidental,incidentally
incite,inciting
incline,inclined
include,including
included,including
includes,including
income,incomes
incompetence,incompetent
inconsistencies,inconsistency
inconvenience,inconvenient
incorporate,incorporation
incorporated,incorporation
incorporates,incorporation
incorporating,incorporation
increase,increasingly
increased,increasingly
increases,increasingly
increasing,increasingly
incredible,incredibly
incumbent,incumbents
incur,incurred
indefinite,indefinitely
independence,independents
independent,independents
independently,independents
index,indices
indexed,indices
indexes,indices
indexing,indices
indian,indians
indicate,indications
indicated,indications
indicates,indications
indicating,indications
indication,indications
indicator,indicators
indirect,indirectly
individual,individuals
individually,individuals
induce,inducing
induced,inducing
induces,inducing
indulge,indulging
industries,industry
inequalities,inequality
inevitable,inevitably
infant,infants
infect,infected
infection,infections
infer,inferred
infiltrate,infiltration
infiltrated,infiltration
infinite,infinitely
inflict,inflicting
inflicted,inflicting
influence,influencing
influenced,influencing
influences,influencing
inform,informs
informal,informally
informed,informs
informing,informs
ingredient,ingredients
inhabit,inhabited
inhalation,inhale
inherent,inherently
inherit,inherited
inhibit,inhibits
inhibited,inhibits
inhibitor,inhibits
inhibitors,inhibits
initial,initials
initially,initials
initiate,initiation
initiated,initiation
initiates,initiation
initiating,initiation
initiative,initiatives
inject,injections
injected,injections
injecting,injections
injection,injections
injure,injuring
injured,injuring
injuries,injury
inmate,inmates
innocent,innocents
innovation,innovations
inquiries,inquiry
insane,insanely
inscription,inscriptions
insect,insects
insecure,insecurity
insecurities,insecurity
insert,inserts
inserted,inserts
inserting,inserts
inside,insides
insider,insiders
insight,insights
insist,insists
insisted,insists
insisting,insists
inspect,inspections
inspected,inspections
inspecting,inspections
inspection,inspections
inspector,inspectors
inspiration,inspirational
inspire,inspiring
inspired,inspiring
inspires,inspiring
install,installing
installation,installations
installed,installing
installment,installments
instance,instances
instinct,instincts
institute,institutes
instituted,institutes
institution,institutions
instruct,instructing
instructed,instructing
instruction,instructions
instructional,instructions
instructor,instructors
instrument,instruments
insult,insults
insulted,insults
insulting,insults
insure,insured
insurer,insurers
insurgency,insurgents
insurgent,insurgents
integrate,integration
integrated,integration
integrating,integration
intellectual,intellectuals
intellectually,intellectuals
intend,intends
intended,intends
intending,intends
intense,intensely
intensified,intensify
intensifies,intensify
intention,intentions
intentional,intentionally
interact,interacts
interacted,interacts
interacting,interacts
interaction,interacts
interactions,interacts
interactive,interacts
intercept,interceptions
intercepted,interceptions
interception,interceptions
interchange,interchangeable
interest,interests
interested,interests
interesting,interests
interestingly,interests
interface,interfaces
interfere,interfering
interfered,interfering
interior,interiors
intern,interns
internal,internally
international,internationals
internationally,internationals
internship,internships
interpret,interpreting
interpretation,interpretations
interpreted,interpreting
interpreter,interpreters
interrupt,interrupts
interrupted,interrupts
interrupting,interrupts
interruption,interruptions
intersection,intersections
interval,intervals
intervene,intervening
intervened,intervening
intervention,interventions
interview,interviews
interviewed,interviews
interviewer,interviews
interviewing,interviews
intestinal,intestines
intestine,intestines
intimidate,intimidation
intimidated,intimidation
intimidating,intimidation
intolerance,intolerant
intrigue,intriguing
intrigued,intriguing
introduce,introducing
introduced,introducing
introduces,introducing
introduction,introductions
intruder,intruders
intrusion,intrusive
invade,invading
invaded,invading
invasion,invasive
invasions,invasive
invent,inventors
invented,inventors
inventing,inventors
invention,inventions
inventor,inventors
inventories,inventory
invest,invests
invested,invests
investigate,investigators
investigated,investigators
investigates,investigators
investigating,investigators
investigation,investigations
investigative,investigators
investigator,investigators
investing,invests
investment,investments
investor,invests
investors,invests
invitation,invitations
invite,inviting
invited,inviting
invites,inviting
invoice,invoices
invoke,invoking
invoked,invoking
involve,involving
involved,involving
involvement,involving
involves,involving
io,ios
ion,ions
ip,ips
iranian,iranians
iron,irons
ironic,ironically
ironing,irons
is,were
islam,islamists
islamic,islamists
islamist,islamists
island,islands
isle,isles
isolate,isolation
isolated,isolation
isolating,isolation
isotope,isotopes
israeli,israelis
issue,issuing
issued,issuing
issues,issuing
italian,italians
itch,itching
item,items
iteration,iterations
jack,jacks
jacked,jacks
jacket,jackets
jaguar,jaguars
jail,jails
jailed,jails
jam,jams
jammed,jams
jamming,jams
jar,jars
jaw,jaws
jay,jays
jen,jenner
jerk,jerks
jerking,jerks
jersey,jerseys
jet,jets
jew,jews
jewel,jewels
job,jobs
jog,jogging
join,joins
joined,joins
joining,joins
joint,joints
jointly,joints
joke,jokingly
joked,jokingly
jokes,jokingly
joking,jokingly
journal,journals
journalist,journalists
journalistic,journalists
journey,journeys
joy,joys
judge,judging
judged,judging
judgement,judgements
judges,judging
judgment,judgments
juice,juices
jump,jumps
jumped,jumps
jumper,jumpers
jumping,jumps
junction,junctions
junior,juniors
juries,jury
jurisdiction,jurisdictions
juror,jurors
justice,justices
justification,justifying
justified,justifying
justifies,justifying
justify,justifying
juvenile,juveniles
keep,kept
keeper,keepers
keeping,kept
keeps,kept
key,keys
keyboard,keyboards
keyword,keywords
kick,kicks
kicked,kicks
kicking,kicks
kid,kids
kidding,kids
kidnap,kidnapping
kidnapped,kidnapping
kidney,kidneys
kill,kills
killed,kills
killer,kills
killers,kills
killing,kills
killings,kills
kilo,kilos
kilometer,kilometers
kilometre,kilometres
kind,kinds
kinder,kinds
king,kings
kingdom,kingdoms
kink,kinks
kiss,kissing
kissed,kissing
kisses,kissing
kit,kits
kitchen,kitchens
kitten,kittens
knee,knees
kneel,kneeling
knew,knows
knife,knives
knight,knights
knit,knitting
knitted,knitting
knock,knocks
knocked,knocks
knocking,knocks
knot,knots
know,knows
knowing,knows
knowingly,knows
known,knows
knuckle,knuckles
korean,koreans
la,las
lab,labs
label,labels
labeled,labels
labelled,labels
labelling,labels
laboratories,laboratory
lace,laces
laced,laces
lack,lacks
lacked,lacks
lacking,lacks
lad,lads
ladder,ladders
laden,loads
ladies,lady
lag,lagging
laid,lying
lake,lakes
lamb,lambs
lament,lamented
lamp,lamps
land,lands
landed,lands
landing,lands
landings,lands
landlord,landlords
landmark,landmarks
landowner,landowners
landscape,landscaping
landscapes,landscaping
lane,lanes
language,languages
lantern,lanterns
lap,laps
laptop,laptops
large,largest
larger,largest
laser,lasers
lash,lashes
last,lasts
lasted,lasts
lasting,lasts
late,latest
latency,latent
later,latest
latino,latinos
laugh,laughs
laughed,laughs
laughing,laughs
launch,launching
launched,launching
launcher,launchers
launches,launching
law,laws
lawful,lawfully
lawn,lawns
lawsuit,lawsuits
lawyer,lawyers
lay,lying
layer,layers
layered,layers
laying,lying
layout,layouts
lays,lying
laziness,lazy
lb,lbs
lead,leds
leader,leadership
leaders,leadership
leading,leds
leads,leds
leaf,left
leaflet,leaflets
leafs,left
league,leagues
leak,leaks
leaked,leaks
leaking,leaks
lean,leans
leaned,leans
leaning,leans
learn,learnt
learned,learnt
learner,learnt
learners,learnt
learning,learnt
learns,learnt
lease,leasing
leased,leasing
leases,leasing
leave,left
leaves,left
leaving,left
lecture,lecturing
lecturer,lecturing
lecturers,lecturing
lectures,lecturing
led,leds
leftist,leftists
leftover,leftovers
leg,legs
legal,legally
legalize,legalized
legend,legends
legion,legions
legislator,legislators
legislature,legislatures
legitimacy,legitimately
legitimate,legitimately
lemon,lemons
lend,lent
lender,lent
lenders,lent
lending,lent
lends,lent
length,lengths
lesbian,lesbians
lesson,lessons
let,letting
lets,letting
letter,letters
lettering,letters
level,levels
lever,levers
leverage,leveraged
levied,levy
liabilities,liability
liar,liars
lib,libs
liberal,liberals
liberalism,liberals
liberate,liberation
liberated,liberation
liberating,liberation
liberties,liberty
librarian,librarians
libraries,library
licence,licences
license,licensing
licensed,licensing
licenses,licensing
lick,licks
licked,licks
licking,licks
lid,lids
lie,lying
lied,lying
lies,lying
life,living
lifestyle,lifestyles
lifetime,lifetimes
lift,lifts
lifted,lifts
lifting,lifts
ligament,ligaments
light,lit
lighter,lit
lighting,lit
lightly,lit
lights,lit
like,liking
liked,liking
likes,liking
lilies,lily
limb,limbs
limit,limits
limitation,limitations
limited,limits
limiting,limits
limitless,limits
line,lining
lined,lining
liner,liners
lines,lining
linger,lingering
link,links
linked,links
linking,links
lion,lions
lip,lips
liquid,liquids
list,lists
listed,lists
listen,listens
listened,listens
listener,listens
listeners,listens
listening,listens
listing,lists
listings,lists
literal,literally
litre,litres
litter,littered
live,living
lived,living
lives,living
lizard,lizards
load,loads
loaded,loads
loader,loads
loading,loads
loan,loans
loaned,loans
loathe,loathing
lobbied,lobbying
lobby,lobbying
lobbyist,lobbyists
lobe,lobes
local,locals
localities,locality
locally,locals
locate,locating
located,locating
location,locations
lock,locks
locked,locks
locking,locks
locomotive,locomotives
lodge,lodging
lodged,lodging
lodges,lodging
log,logs
logged,logs
logging,logs
logical,logically
logistic,logistics
logo,logos
loneliness,lonely
long,longing
longer,longing
longest,longing
look,looks
looked,looks
looking,looks
loom,looms
looming,looms
loop,loops
loophole,loopholes
loose,loosing
loosely,loosing
loot,looting
looted,looting
lord,lords
lose,lost
loser,losers
loses,lost
losing,lost
loss,losses
lot,lots
loud,loudly
louder,loudly
loudest,loudly
love,lovingly
loved,lovingly
lover,lovers
loves,lovingly
loving,lovingly
low,lows
lower,lows
lowered,lows
lowering,lows
lowers,lows
lowest,lows
lp,lps
luckily,lucky
luka,lukas
lump,lumps
lunch,lunches
lung,lungs
lure,lured
lurk,lurking
luxuries,luxury
lyon,lyons
lyric,lyrics
machine,machines
mad,madness
made,making
magazine,magazines
magic,magically
magician,magicians
magistrate,magistrates
magnet,magnets
maid,maids
mail,mails
mailed,mails
mailing,mails
maintain,maintains
maintained,maintains
maintaining,maintains
major,majors
make,making
maker,making
makers,making
makes,making
male,males
malice,malicious
mall,malls
mammal,mammals
mammalian,mammals
man,mens
manage,managing
manageable,managing
managed,managing
manager,managers
manages,managing
mandate,mandates
mandated,mandates
maneuver,maneuvers
maneuvering,maneuvers
manhood,mens
manifest,manifests
manifestation,manifests
manifestations,manifests
manifested,manifests
manipulate,manipulative
manipulated,manipulative
manipulating,manipulative
manipulation,manipulative
manned,mens
manner,manners
manning,mens
mans,mens
mansion,mansions
manual,manuals
manually,manuals
manufacture,manufacturing
manufactured,manufacturing
manufacturer,manufacturing
manufacturers,manufacturing
manufactures,manufacturing
manuscript,manuscripts
map,maps
mapped,maps
mapping,maps
mar,mars
marathon,marathons
marble,marbles
march,marching
marched,marching
marches,marching
margin,margins
marginal,marginally
marine,marines
mark,marks
marked,marks
marker,markers
market,markets
marketed,markets
marketing,markets
marking,marks
markings,marks
marred,mars
marriage,marriages
married,marrying
marries,marrying
marry,marrying
marsh,marshes
marshal,marshals
martin,martins
martyr,martyrs
martyrdom,martyrs
marxism,marxist
masculine,masculinity
mash,mashed
mask,masks
masked,masks
masking,masks
mass,masses
massacre,massacres
massacred,massacres
massive,massively
master,masters
mastered,masters
mastering,masters
masterpiece,masterpieces
masturbate,masturbation
masturbating,masturbation
mat,mats
match,matching
matched,matching
matches,matching
mate,mating
material,materials
mates,mating
mathematical,mathematically
mathematician,mathematicians
mathew,mathews
matrices,matrix
matter,matters
mattered,matters
mattress,mattresses
mature,maturity
matured,maturity
maturing,maturity
maverick,mavericks
maximize,maximizing
mayor,mayors
mayoral,mayors
meadow,meadows
meal,meals
mean,meant
meaning,meant
meanings,meant
means,meant
measurable,measuring
measure,measuring
measured,measuring
measurement,measurements
measures,measuring
meat,meats
mechanic,mechanics
mechanical,mechanically
mechanism,mechanisms
medal,medals
mediate,mediator
mediated,mediator
mediation,mediator
medic,medics
medical,medically
medication,medications
medicine,medicines
medium,mediums
meet,mets
meeting,mets
meetings,mets
meets,mets
melodies,melody
melt,molten
melted,molten
melting,molten
melts,molten
member,members
membership,memberships
membrane,membranes
meme,memes
memoir,memoirs
memorial,memorials
memories,memory
men,mens
menace,menacing
mental,mentally
mention,mentions
mentioned,mentions
mentioning,mentions
mentor,mentors
mentoring,mentors
menu,menus
mercenaries,mercenary
merchandise,merchandising
merchant,merchants
merge,merging
merged,merging
merger,mergers
merit,merits
mess,messing
message,messaging
messages,messaging
messed,messing
messenger,messengers
messes,messing
met,mets
metabolic,metabolism
metal,metals
metaphor,metaphors
metaphorical,metaphors
meteorological,meteorology
meter,meters
method,methods
methodologies,methodology
metre,metres
metric,metrics
mexican,mexicans
mice,mouse
microphone,microphones
midfielder,midfielders
midland,midlands
migrant,migrants
migrate,migratory
migrated,migratory
migrating,migratory
migration,migratory
mild,mildly
mile,miles
milestone,milestones
militant,militants
militia,militias
milk,milky
milking,milky
mill,mills
milling,mills
millionaire,millionaires
mimic,mimics
min,mins
mind,minds
minded,minds
minding,minds
mine,mining
mined,mining
miner,miners
mineral,minerals
mines,mining
minimize,minimizing
minister,ministers
ministerial,ministers
ministries,ministry
minor,minors
minorities,minority
minute,minutes
miracle,miracles
miraculous,miraculously
mirror,mirrors
mirrored,mirrors
misconception,misconceptions
miserable,miserably
mislead,misled
misleading,misled
miss,missing
missed,missing
misses,missing
missile,missiles
mission,missions
missionaries,missionary
mist,misty
mistake,mistakes
mistaken,mistakes
misunderstand,misunderstood
misunderstanding,misunderstood
misunderstandings,misunderstood
mitigate,mitigation
mitigating,mitigation
mix,mixing
mixed,mixing
mixes,mixing
mixture,mixtures
ml,mls
mo,mos
moan,moans
moaning,moans
mob,mobs
mobile,mobility
mobilize,mobilized
mock,mocking
mocked,mocking
mod,mods
mode,modes
model,models
modelled,models
modelling,models
moderate,moderates
moderated,moderates
moderately,moderates
modern,modernity
modernism,modernist
modest,modesty
modification,modifying
modifications,modifying
modified,modifying
modify,modifying
modular,modules
module,modules
mold,molds
molded,molds
molding,molds
molecule,molecules
mom,moms
moment,moments
monarch,monarchs
monasteries,monastery
monday,mondays
monitor,monitors
monitored,monitors
monitoring,monitors
monk,monks
monkey,monkeys
monopolies,monopoly
monster,monsters
month,months
monument,monuments
mood,moods
moon,moons
moor,moors
moral,morals
morale,morales
morally,morals
mormon,mormons
morning,mornings
moron,morons
morphological,morphology
mortal,mortals
mortar,mortars
mortgage,mortgages
mosque,mosques
moth,moths
mother,mothers
motherfucker,motherfuckers
motif,motifs
motion,motions
motivate,motivations
motivated,motivations
motivates,motivations
motivating,motivations
motivation,motivations
motive,motives
motor,motors
motorcycle,motorcycles
mound,mounds
mount,mounts
mountain,mountains
mounted,mounts
mounting,mounts
mourn,mourning
mouth,mouths
mouthed,mouths
move,moving
moved,moving
movement,movements
mover,movers
moves,moving
movie,movies
mow,mowing
mower,mowing
mp,mps
muffin,muffins
mug,mugs
mule,mules
multiple,multiply
multiples,multiply
multiplied,multiply
mum,mums
municipalities,municipality
mural,murals
murder,murders
murdered,murders
murderer,murderers
murdering,murders
murderous,murders
muscle,muscles
museum,museums
mushroom,mushrooms
musical,musicals
musically,musicals
musician,musicians
muslim,muslims
muster,mustered
mutant,mutants
mutation,mutations
mute,muted
mutual,mutually
mysteries,mystery
mysterious,mysteriously
myth,myths
nag,nagging
nail,nails
nailed,nails
name,naming
named,naming
names,naming
narrative,narratives
narrow,narrows
narrowed,narrows
narrower,narrows
narrowing,narrows
narrowly,narrows
nation,nations
national,nationals
nationalism,nationalists
nationalist,nationalists
nationalities,nationality
nationally,nationals
native,natives
navigate,navigator
navigating,navigator
navigation,navigator
nazi,nazism
nazis,nazism
ne,nes
near,nearing
nearer,nearing
nearest,nearing
neat,neatly
necessities,necessity
neck,necks
necklace,necklaces
need,needs
needed,needs
needing,needs
needle,needles
negative,negatives
negatively,negatives
neglect,neglecting
neglected,neglecting
negligence,negligent
negotiate,negotiator
negotiated,negotiator
negotiating,negotiator
negotiation,negotiator
negotiations,negotiator
neighbor,neighbors
neighborhood,neighborhoods
neighboring,neighbors
neighbour,neighbours
neighbourhood,neighbourhoods
neighbouring,neighbours
nephew,nephews
nerd,nerds
nerve,nerves
nervous,nervously
nest,nests
nesting,nests
net,netting
nets,netting
network,networks
networking,networks
neurological,neurology
neuron,neurons
neutral,neutrality
new,newest
newcomer,newcomers
newer,newest
newspaper,newspapers
nice,nicest
nicely,nicest
nicer,nicest
nickname,nicknames
nicknamed,nicknames
niece,nieces
nigerian,nigerians
nigga,niggas
night,nights
nightclub,nightclubs
nightmare,nightmares
nine,ninth
nineteen,nineteenth
nipple,nipples
noble,nobles
nod,nods
nodded,nods
nodding,nods
node,nodes
noise,noises
nominal,nominally
nominate,nominations
nominated,nominations
nominating,nominations
nomination,nominations
nominee,nominees
noodle,noodles
norm,norms
nose,noses
nosed,noses
nostalgia,nostalgic
notable,notably
note,noting
notebook,notebooks
noted,noting
notes,noting
notice,noticing
noticeable,noticeably
noticed,noticing
notices,noticing
notification,notifications
notified,notify
notion,notions
notoriety,notoriously
notorious,notoriously
noun,nouns
novel,novels
nuance,nuances
nuanced,nuances
nuclei,nucleus
nude,nudity
nudes,nudity
nugget,nuggets
nuke,nukes
numb,numbers
number,numbers
numbered,numbers
numbering,numbers
nun,nuns
nurse,nursing
nurses,nursing
nurture,nurturing
nurtured,nurturing
nut,nuts
nutrient,nutrients
nutrition,nutritional
oak,oaks
obedience,obedient
obese,obesity
object,objects
objected,objects
objection,objections
objective,objectivity
objectively,objectivity
objectives,objectivity
obligation,obligations
oblige,obliged
obscure,obscurity
obscured,obscurity
observable,observing
observation,observations
observational,observations
observe,observing
observed,observing
observer,observing
observers,observing
observes,observing
obstacle,obstacles
obtain,obtaining
obtained,obtaining
obvious,obviously
occasion,occasions
occasional,occasionally
occupant,occupants
occupation,occupations
occupational,occupations
occupied,occupying
occupies,occupying
occupy,occupying
occur,occurs
occurred,occurs
occurrence,occurrences
occurring,occurs
ocean,oceans
oceanic,oceans
odd,oddly
off,offs
offence,offences
offend,offending
offended,offending
offender,offending
offenders,offending
offense,offenses
offer,offers
offered,offers
offering,offers
offerings,offers
office,offices
officer,officers
official,officials
officially,officials
oil,oils
oiled,oils
old,olds
older,olds
oldest,olds
olive,olives
olympic,olympics
omission,omissions
one,ones
onion,onions
op,ops
open,opens
opened,opens
opener,opens
opening,opens
openings,opens
openly,opens
openness,opens
opera,operas
operate,operating
operated,operating
operates,operating
operation,operations
operative,operatives
operator,operators
opinion,opinions
opponent,opponents
opportunities,opportunity
oppose,opposing
opposed,opposing
opposes,opposing
opposite,opposites
opt,opting
opted,opting
optimism,optimistic
optimize,optimized
option,options
oral,orally
orange,oranges
orbit,orbits
orbital,orbits
orbiting,orbits
orchard,orchards
orchestra,orchestral
orchid,orchids
order,orders
ordered,orders
ordering,orders
ordinance,ordinances
organ,organs
organisation,organisations
organise,organising
organised,organising
organiser,organisers
organism,organisms
organization,organizations
organize,organizing
organized,organizing
organizer,organizers
orgasm,orgasms
orient,oriented
origin,origins
original,originals
originality,originals
originally,originals
originate,originating
originated,originating
originates,originating
ornament,ornaments
ornamental,ornaments
orphan,orphans
orphaned,orphans
oscar,oscars
other,others
ounce,ounces
out,outs
outage,outages
outbreak,outbreaks
outcome,outcomes
outfit,outfits
outing,outs
outings,outs
outlaw,outlaws
outlawed,outlaws
outlet,outlets
outline,outlining
outlined,outlining
outlines,outlining
output,outputs
outrage,outraged
outsider,outsiders
oven,ovens
over,overs
overcame,overcoming
overcome,overcoming
overflow,overflowing
overlap,overlapping
overload,overloaded
overlook,overlooks
overlooked,overlooks
overlooking,overlooks
override,overriding
oversaw,oversees
oversee,oversees
overseeing,oversees
overseen,oversees
overt,overtly
overtake,overtaken
overthrow,overthrown
overturn,overturned
overwhelm,overwhelmingly
overwhelmed,overwhelmingly
overwhelming,overwhelmingly
owe,owing
owed,owing
owes,owing
owl,owls
own,owns
owned,owns
owner,owns
owners,owns
ownership,owns
owning,owns
oyster,oysters
pace,pacing
paced,pacing
paces,pacing
pack,packs
package,packets
packaged,packets
packages,packets
packaging,packets
packed,packs
packer,packers
packet,packets
packing,packs
pad,pads
padded,pads
padding,pads
padre,padres
page,pages
paid,pays
pain,pains
painful,painfully
painless,pains
paint,paints
painted,paints
painter,painters
painting,paints
paintings,paints
pair,pairs
paired,pairs
pairing,pairs
pal,pals
palace,palaces
palestinian,palestinians
palm,palms
pamphlet,pamphlets
pan,pans
pancake,pancakes
pancreas,pancreatic
panda,pandas
panel,panels
panic,panicking
panicked,panicking
panorama,panoramic
pant,pants
panther,panthers
paper,papers
parade,parades
paragraph,paragraphs
parallel,parallels
paralympic,paralympics
paramedic,paramedics
parameter,parameters
parasite,parasitic
parasites,parasitic
parcel,parcels
pardon,pardoned
parent,parents
parental,parents
parenthood,parents
parish,parishes
park,parks
parked,parks
parking,parks
parliament,parliaments
part,parts
parted,parts
partial,partially
participant,participatory
participants,participatory
participate,participatory
participated,participatory
participates,participatory
participating,participatory
participation,participatory
particle,particles
particular,particularly
parties,partying
parting,parts
partisan,partisans
partition,partitions
partner,partners
partnered,partners
partnering,partners
partnership,partnerships
party,partying
pass,passing
passage,passages
passed,passing
passenger,passengers
passes,passing
passion,passions
passionate,passionately
passport,passports
password,passwords
pastor,pastors
pasture,pastures
pat,pats
patch,patches
patched,patches
patent,patents
patented,patents
path,paths
pathogen,pathogens
pathologist,pathology
pathway,pathways
patient,patients
patiently,patients
patriarch,patriarchal
patriot,patriots
patriotic,patriots
patriotism,patriots
patrol,patrols
patrolling,patrols
patron,patrons
pattern,patterns
patterned,patterns
pause,pauses
paused,pauses
pave,paving
paved,paving
paw,paws
pay,pays
payer,payers
paying,pays
payment,payments
pc,pcs
pea,peas
peaceful,peacefully
peach,peaches
peak,peaks
peaked,peaks
peaking,peaks
peanut,peanuts
pear,pears
pearl,pearls
peasant,peasants
pebble,pebbles
pedal,pedals
pedestrian,pedestrians
pee,peeing
peed,peeing
peel,peeling
peeled,peeling
peep,peeps
peer,peers
pellet,pellets
pelvic,pelvis
pen,pens
penalties,penalty
pencil,pencils
penetrate,penetrating
penetrated,penetrating
penguin,penguins
penned,pens
pennies,penny
pension,pensions
people,peoples
pepper,peppers
peptide,peptides
perceive,perceived
percentage,percentages
perception,perceptions
perch,perched
perfect,perfectly
perfected,perfectly
perform,performs
performance,performances
performed,performs
performer,performs
performers,performs
performing,performs
peril,perils
perilous,perils
period,periods
periodic,periodically
periodical,periodicals
perish,perished
perk,perks
permanent,permanently
permission,permissions
permit,permitting
permits,permitting
permitted,permitting
perpetrator,perpetrators
perpetual,perpetually
persist,persists
persisted,persists
persistence,persistent
person,persons
personalities,personality
perspective,perspectives
persuade,persuading
persuaded,persuading
pervert,perverted
pest,pests
pesticide,pesticides
pet,pets
peter,peters
petition,petitions
pharmaceutical,pharmaceuticals
pharmacies,pharmacy
pharmacist,pharmacists
phase,phases
phased,phases
phenomena,phenomenon
philanthropic,philanthropy
philanthropist,philanthropy
philosopher,philosophers
philosophies,philosophy
phone,phones
phoned,phones
photo,photos
photograph,photographs
photographed,photographs
photographer,photography
photographers,photography
photographing,photographs
photon,photons
phrase,phrases
physical,physically
physician,physicians
physicist,physicists
physiological,physiology
pic,pics
pick,picks
picked,picks
picking,picks
pickle,pickles
pickled,pickles
pickup,pickups
picture,pictures
pictured,pictures
pie,pies
piece,pieces
pier,piers
pierce,piercing
pierced,piercing
pig,pigs
pigeon,pigeons
pigment,pigments
pile,piling
piled,piling
piles,piling
pilgrim,pilgrims
pill,pills
pillar,pillars
pillow,pillows
pilot,pilots
pin,pins
pinch,pinched
pine,pines
pink,pinky
pinned,pins
pinning,pins
pint,pints
pioneer,pioneers
pioneered,pioneers
pioneering,pioneers
pipe,piping
pipeline,pipelines
pipes,piping
pirate,pirates
piss,pissing
pissed,pissing
pisses,pissing
pistol,pistols
piston,pistons
pit,pitted
pitch,pitching
pitched,pitching
pitcher,pitchers
pitches,pitching
pits,pitted
pixel,pixels
pizza,pizzas
pl,pls
place,placing
placed,placing
placement,placements
places,placing
plague,plagued
plain,plains
plainly,plains
plaintiff,plaintiffs
plan,plans
plane,planes
planet,planets
planetary,planets
plank,planks
planned,plans
planner,planners
planning,plans
plant,plants
plantation,plantations
planted,plants
planter,planters
planting,plants
plaque,plaques
plaster,plastered
plastic,plastics
plate,plating
plated,plating
plates,plating
platform,platforms
play,plays
playable,plays
played,plays
player,players
playground,playgrounds
playing,plays
playlist,playlists
playoff,playoffs
plea,pleas
plead,pleads
pleaded,pleads
pleading,pleads
pleasant,pleasantly
please,pleasing
pleased,pleasing
pleases,pleasing
pleasure,pleasures
pledge,pledges
pledged,pledges
plot,plotting
plots,plotting
plotted,plotting
pluck,plucked
plug,plugs
plugged,plugs
plugging,plugs
plunge,plunged
po,pos
pocket,pockets
pod,pods
poem,poems
poet,poets
point,points
pointed,points
pointer,pointers
pointing,points
poison,poisons
poisoned,poisons
poisoning,poisons
poke,poking
poked,poking
pole,poles
police,policing
policeman,policemen
policies,policy
polish,polishing
polished,polishing
polite,politely
political,politically
politician,politicians
poll,polls
polled,polls
polling,polls
polymer,polymers
pond,ponds
ponies,pony
pool,pools
poor,poorest
poorer,poorest
pop,pops
popped,pops
popping,pops
popular,popularly
popularity,popularly
population,populations
pore,pores
pornographic,pornography
port,ports
portal,portals
portfolio,portfolios
portion,portions
portrait,portraits
portray,portrays
portrayal,portrays
portrayed,portrays
portraying,portrays
pose,posing
posed,posing
poses,posing
position,positions
positioned,positions
positioning,positions
positive,positivity
positively,positivity
positives,positivity
possess,possessing
possessed,possessing
possesses,possessing
possession,possessions
possibilities,possibility
post,posts
postcard,postcards
posted,posts
poster,posters
posting,posts
postings,posts
postpone,postponed
pot,pots
potato,potatoes
potency,potent
potential,potentials
potentially,potentials
pound,pounds
pounded,pounds
pounding,pounds
pour,pours
poured,pours
pouring,pours
powder,powders
powdered,powders
power,powers
powered,powers
powerful,powerfully
powering,powers
practical,practically
practice,practicing
practiced,practicing
practices,practicing
practise,practising
practised,practising
practitioner,practitioners
praise,praising
praised,praising
praises,praising
prank,pranks
pray,prays
prayed,prays
prayer,prayers
praying,prays
preach,preaching
preached,preaching
preacher,preachers
precaution,precautions
precise,precisely
predator,predators
predecessor,predecessors
predict,predicts
predictable,predicts
predicted,predicts
predicting,predicts
prediction,predictions
predictor,predicts
predominant,predominantly
prefer,prefers
preferable,preferably
preference,preferences
preferred,prefers
preferring,prefers
pregnancies,pregnant
pregnancy,pregnant
prejudice,prejudices
premature,prematurely
premier,premiership
premiere,premiership
premiered,premiership
premieres,premiership
premiers,premiership
premise,premises
premium,premiums
prep,prepping
preparation,preparations
prepare,preparing
prepared,preparing
prepares,preparing
prescribe,prescribing
prescribed,prescribing
prescription,prescriptions
present,presents
presentation,presentations
presented,presents
presenter,presenters
presenting,presents
preservation,preserving
preserve,preserving
preserved,preserving
preserves,preserving
president,presidents
presidential,presidents
press,pressing
pressed,pressing
presses,pressing
pressure,pressuring
pressured,pressuring
pressures,pressuring
prestige,prestigious
presume,presumed
pretend,pretends
pretended,pretends
pretending,pretends
prettier,pretty
prettiest,pretty
prevail,prevails
prevailed,prevails
prevailing,prevails
prevalence,prevalent
prevent,prevents
preventable,prevents
prevented,prevents
preventing,prevents
prevention,prevents
preview,previews
previous,previously
price,pricing
priced,pricing
prices,pricing
priest,priests
priesthood,priests
primaries,primary
primate,primates
prime,primed
prince,princes
princess,princesses
principal,principals
principally,principals
principle,principles
print,prints
printed,prints
printer,printers
printing,prints
priorities,priority
prison,prisons
prisoner,prisoners
private,privately
privilege,privileges
privileged,privileges
prize,prizes
prized,prizes
pro,pros
probabilities,probability
probe,probing
probes,probing
problem,problems
procedural,procedures
procedure,procedures
proceed,proceeds
proceeded,proceeds
proceeding,proceeds
proceedings,proceeds
process,processing
processed,processing
processes,processing
processor,processors
proclaim,proclamation
proclaimed,proclamation
proclaiming,proclamation
procure,procurement
produce,producing
produced,producing
producer,producers
produces,producing
product,products
production,productions
productive,productivity
profession,professions
professional,professionals
professionalism,professionals
professionally,professionals
professor,professors
proficiency,proficient
profile,profiling
profiles,profiling
profit,profits
profitability,profitable
profound,profoundly
program,programs
programme,programs
programmed,programs
programmer,programs
programmers,programs
programmes,programs
programming,programs
progress,progressing
progressed,progressing
progresses,progressing
progressive,progressives
progressively,progressives
prohibit,prohibits
prohibited,prohibits
prohibiting,prohibits
project,projects
projected,projects
projecting,projects
projection,projections
prolong,prolonged
prominence,prominently
prominent,prominently
promise,promising
promised,promising
promises,promising
promote,promotions
promoted,promotions
promoter,promoters
promotes,promotions
promoting,promotions
promotion,promotions
promotional,promotions
prompt,prompts
prompted,prompts
prompting,prompts
promptly,prompts
pronoun,pronouns
pronounce,pronounced
proof,proofs
prop,props
propagate,propagation
propel,propelled
proper,properly
properties,property
prophecies,prophecy
prophet,prophets
proponent,proponents
proportion,proportions
proposal,proposals
propose,proposing
proposed,proposing
proposes,proposing
prosecute,prosecutors
prosecuted,prosecutors
prosecuting,prosecutors
prosecution,prosecutions
prosecutor,prosecutors
prospect,prospects
prostitute,prostitution
prostitutes,prostitution
protagonist,protagonists
protect,protects
protected,protects
protecting,protects
protection,protections
protector,protectors
protein,proteins
protest,protests
protestant,protests
protestants,protests
protested,protests
protester,protests
protesters,protests
protesting,protests
protocol,protocols
prototype,prototypes
proud,proudly
prove,proving
proved,proving
proven,proving
proverb,proverbs
proves,proving
provide,providing
provided,providing
provider,providing
providers,providing
provides,providing
province,provinces
provision,provisions
provoke,provoking
provoked,provoking
psalm,psalms
psychiatric,psychiatry
psychiatrist,psychiatry
psychiatrists,psychiatry
psychological,psychologically
psychologist,psychology
psychologists,psychology
psychosis,psychotic
pt,pts
pub,pubs
public,publicly
publication,publications
publish,publishing
published,publishing
publisher,publishers
publishes,publishing
puff,puffy
pull,pulls
pulled,pulls
pulling,pulls
pulse,pulses
pump,pumps
pumped,pumps
pumping,pumps
pumpkin,pumpkins
pun,puns
punch,punching
punched,punching
punches,punching
punish,punishing
punishable,punishing
punished,punishing
punishment,punishments
pup,pups
pupil,pupils
puppet,puppets
puppies,puppy
purchase,purchasing
purchased,purchasing
purchaser,purchasing
purchasers,purchasing
purchases,purchasing
pure,purest
purely,purest
purpose,purposes
pursue,pursuing
pursued,pursuing
pursuit,pursuits
push,pushing
pushed,pushing
pushes,pushing
pussies,pussy
put,putting
puts,putting
putt,putting
puzzle,puzzling
puzzled,puzzling
puzzles,puzzling
pyramid,pyramids
q,qing
qualification,qualifications
qualified,qualifying
qualifier,qualifying
qualifiers,qualifying
qualifies,qualifying
qualify,qualifying
qualities,quality
quantities,quantity
quarter,quarters
quarterback,quarterbacks
queen,queens
queries,query
quest,quests
question,questions
questioned,questions
questioning,questions
queue,queues
quick,quickly
quicker,quickly
quickest,quickly
quiet,quietly
quieter,quietly
quirk,quirky
quit,quitting
quits,quitting
quota,quotas
quotation,quotations
quote,quoting
quoted,quoting
quotes,quoting
ra,ras
rabbit,rabbits
race,racing
raced,racing
racer,racers
races,racing
racial,racially
racist,racists
rack,racks
racking,racks
radical,radicals
radically,radicals
radio,radios
rag,rags
rage,raging
ragged,rags
raid,raids
raided,raids
raider,raids
raiders,raids
raiding,raids
rail,rails
railing,rails
railroad,railroads
railway,railways
rain,rainy
rainbow,rainbows
rained,rainy
raining,rainy
rains,rainy
raise,raising
raised,raising
raises,raising
rallied,rallying
rallies,rallying
rally,rallying
ram,rams
ramp,ramps
ran,runs
random,randomly
rang,rung
range,ranging
ranged,ranging
ranger,rangers
ranges,ranging
rank,ranks
ranked,ranks
ranking,ranks
rankings,ranks
rant,rants
ranting,rants
rap,raps
rape,raping
raped,raping
rapes,raping
rapid,rapids
rapidly,rapids
rapist,rapists
rapper,raps
rappers,raps
rapping,raps
raptor,raptors
rat,rats
rate,ratings
rated,ratings
rates,ratings
rating,ratings
ratio,ratios
ration,rations
rational,rationality
rattle,rattling
rattled,rattling
rave,raving
raven,ravens
ray,rays
re,res
reach,reaching
reached,reaching
reaches,reaching
react,reacts
reacted,reacts
reacting,reacts
reaction,reactions
reactor,reactors
read,reads
reader,readers
readily,ready
readiness,ready
reading,reads
readings,reads
realise,realising
realised,realising
realises,realising
realism,realistically
realist,realistically
realistic,realistically
realities,reality
realize,realizing
realized,realizing
realizes,realizing
realm,realms
rear,rearing
reason,reasons
reasonable,reasonably
reasoned,reasons
reasoning,reasons
reassurance,reassuring
reassure,reassuring
reassured,reassuring
rebate,rebates
rebel,rebels
rebound,rebounds
rebuild,rebuilt
rebuilding,rebuilt
recall,recalls
recalled,recalls
recalling,recalls
receipt,receipts
receive,receiving
received,receiving
receiver,receivers
receives,receiving
recent,recently
reception,receptions
receptor,receptors
recipe,recipes
recipient,recipients
recite,reciting
recited,reciting
reckon,reckoning
reckoned,reckoning
reclaim,reclamation
reclaimed,reclamation
recognise,recognising
recognised,recognising
recognises,recognising
recognize,recognizing
recognized,recognizing
recognizes,recognizing
recommend,recommends
recommendation,recommends
recommendations,recommends
recommended,recommends
recommending,recommends
reconcile,reconciled
reconstruct,reconstruction
reconstructed,reconstruction
record,records
recorded,records
recorder,recorders
recording,records
recordings,records
recount,recounts
recounted,recounts
recover,recovers
recovered,recovers
recovering,recovers
recreate,recreated
recreation,recreational
recruit,recruits
recruited,recruits
recruiter,recruiters
recruiting,recruits
recruitment,recruits
rectangle,rectangular
recycle,recycling
recycled,recycling
red,reds
redeem,redeemed
redesign,redesigned
reduce,reducing
reduced,reducing
reduces,reducing
reduction,reductions
redundancy,redundant
reef,reefs
reel,reels
reeling,reels
ref,refs
refer,refers
referee,referees
reference,referencing
referenced,referencing
references,referencing
referral,refers
referrals,refers
referred,refers
referring,refers
refine,refining
refined,refining
refineries,refinery
reflect,reflects
reflected,reflects
reflecting,reflects
reflection,reflections
reflex,reflexes
reform,reforms
reformed,reforms
reformer,reforms
reformers,reforms
reforming,reforms
refresh,refreshing
refreshed,refreshing
refugee,refugees
refund,refunds
refunded,refunds
refuse,refusing
refused,refusing
refuses,refusing
regain,regained
regard,regards
regarded,regards
regarding,regards
regenerate,regeneration
regent,regents
regime,regimes
regiment,regiments
region,regions
regional,regions
register,registrations
registered,registrations
registering,registrations
registers,registrations
registration,registrations
regret,regretted
regrets,regretted
regular,regulars
regularly,regulars
regulate,regulatory
regulated,regulatory
regulates,regulatory
regulating,regulatory
regulation,regulations
regulator,regulators
rehearsal,rehearsals
reign,reigns
reigned,reigns
reigning,reigns
rein,reins
reinforce,reinforcing
reinforced,reinforcing
reinforcement,reinforcing
reinforcements,reinforcing
reinforces,reinforcing
reinstate,reinstated
reiterate,reiterated
reject,rejects
rejected,rejects
rejecting,rejects
rejection,rejects
relate,relating
related,relating
relates,relating
relation,relations
relationship,relationships
relative,relatives
relatively,relatives
relax,relaxing
relaxed,relaxing
relay,relays
release,releasing
released,releasing
releases,releasing
relevance,relevant
reliability,reliably
reliable,reliably
reliance,reliant
relic,relics
relied,relying
relies,relying
relieve,relieving
relieved,relieving
religion,religions
religious,religiously
relocate,relocation
relocated,relocation
relocating,relocation
reluctant,reluctantly
rely,relying
remain,remains
remained,remains
remaining,remains
remark,remarks
remarkable,remarkably
remarked,remarks
remedies,remedy
remember,remembers
remembered,remembers
remembering,remembers
remind,reminds
reminded,reminds
reminder,reminders
reminding,reminds
remix,remixes
remnant,remnants
remote,remotely
remove,removing
removed,removing
removes,removing
rename,renamed
render,renders
rendered,renders
rendering,renders
renew,renewing
renewable,renewables
renewal,renewing
renewed,renewing
renovation,renovations
rent,rents
rental,rentals
rented,rents
renting,rents
reopen,reopening
reopened,reopening
rep,reps
repaid,repayment
repair,repairs
repaired,repairs
repairing,repairs
repay,repayment
repeal,repealed
repeat,repeats
repeated,repeats
repeatedly,repeats
repeating,repeats
repent,repentance
repetition,repetitive
replace,replacing
replaced,replacing
replacement,replacements
replaces,replacing
replay,replays
replicate,replication
replicated,replication
replied,replying
replies,replying
reply,replying
report,reports
reported,reports
reportedly,reports
reporter,reporters
reporting,reports
represent,represents
representation,representations
representative,representatives
represented,represents
representing,represents
reprint,reprinted
reproduce,reproduced
reproduction,reproductive
reptile,reptiles
republic,republics
republican,republicans
request,requests
requested,requests
requesting,requests
require,requiring
required,requiring
requirement,requirements
requires,requiring
rescue,rescuing
rescued,rescuing
rescues,rescuing
research,researching
researched,researching
researcher,researching
researchers,researching
researches,researching
resemblance,resembling
resemble,resembling
resembled,resembling
resembles,resembling
resent,resentment
reservation,reservations
reserve,reserves
reserved,reserves
reservoir,reservoirs
reside,residing
resided,residing
residence,residences
resident,residents
resides,residing
residue,residues
resign,resigns
resigned,resigns
resigning,resigns
resilience,resilient
resist,resists
resistance,resistant
resisted,resists
resisting,resists
resolution,resolutions
resolve,resolving
resolved,resolving
resolves,resolving
resort,resorts
resorted,resorts
resorting,resorts
resource,resources
respect,respects
respected,respects
respectful,respectfully
respecting,respects
respond,responds
responded,responds
respondent,respondents
responding,responds
response,responses
responsibilities,responsibility
responsible,responsibly
rest,rests
restart,restarted
restaurant,restaurants
rested,rests
resting,rests
restore,restoring
restored,restoring
restrain,restraining
restrained,restraining
restraint,restraints
restrict,restricts
restricted,restricts
restricting,restricts
restriction,restrictions
restrictive,restricts
result,results
resulted,results
resulting,results
resume,resumes
resumed,resumes
retail,retailing
retailer,retailing
retailers,retailing
retain,retains
retained,retains
retaining,retains
retaliate,retaliation
retard,retarded
rethink,rethinking
retina,retinal
retire,retiring
retired,retiring
retirement,retiring
retires,retiring
retreat,retreats
retreated,retreats
retreating,retreats
retrieval,retrieved
retrieve,retrieved
return,returns
returned,returns
returning,returns
reunite,reunited
reusable,reused
reuse,reused
revamp,revamped
reveal,reveals
revealed,reveals
revealing,reveals
revelation,revelations
revenue,revenues
revere,revered
reversal,reversing
reverse,reversing
reversed,reversing
revert,reverted
review,reviews
reviewed,reviews
reviewer,reviewers
reviewing,reviews
revise,revising
revised,revising
revision,revisions
revisit,revisited
revive,reviving
revived,reviving
revoke,revoked
revolution,revolutions
revolutionaries,revolutionary
revolve,revolving
revolves,revolving
reward,rewards
rewarded,rewards
rewarding,rewards
rewrite,rewritten
rewriting,rewritten
rhino,rhinos
rhyme,rhymes
rhythm,rhythms
rib,ribs
ribbon,ribbons
rich,richness
richer,richness
richest,richness
ridden,rode
riddle,riddled
ride,rode
rider,riders
rides,rode
ridge,ridges
ridicule,ridiculed
riding,rode
riff,riffs
rifle,rifles
rig,rigs
rigged,rigs
rigging,rigs
right,rights
righteous,righteousness
rightful,rightfully
rim,rims
ring,rung
ringing,rung
rings,rung
riot,riots
rioting,riots
rip,rips
ripped,rips
ripping,rips
rise,roses
risen,roses
rises,roses
rising,roses
risk,risky
risked,risky
risking,risky
risks,risky
rite,rites
ritual,rituals
rival,rivals
rivalries,rivalry
river,rivers
ro,ros
road,roads
roam,roaming
roar,roaring
roast,roasting
roasted,roasting
rob,robbing
robbed,robbing
robber,robbing
robberies,robbery
robbers,robbing
robe,robes
robot,robots
robotic,robots
robotics,robots
rock,rocks
rocked,rocks
rocker,rockers
rocket,rockets
rocking,rocks
rod,rods
rodent,rodents
role,roles
roll,rolls
rolled,rolls
roller,rollers
rolling,rolls
roman,romans
romance,romances
romantic,romantically
roof,roofs
roofing,roofs
room,rooms
roommate,roommates
root,roots
rooted,roots
rooting,roots
rope,ropes
rose,roses
rot,rotting
rotate,rotations
rotated,rotations
rotating,rotations
rotation,rotations
rotational,rotations
rough,roughly
round,rounds
rounded,rounds
rounder,rounds
rounding,rounds
rout,routing
route,routing
routed,routing
routes,routing
routine,routines
rover,rovers
row,rows
rowing,rows
royal,royals
royalties,royalty
rub,rubs
rubbed,rubs
rubbing,rubs
rug,rugs
ruin,ruins
ruined,ruins
ruining,ruins
rule,rulings
ruled,rulings
ruler,rulers
rules,rulings
ruling,rulings
rumor,rumors
rumored,rumors
rumour,rumours
run,runs
runner,runners
running,runs
runway,runways
rupture,ruptured
rush,rushing
rushed,rushing
rushes,rushing
russian,russians
sa,sas
sack,sacks
sacked,sacks
sacrifice,sacrificing
sacrificed,sacrificing
sacrifices,sacrificing
sad,sadness
saddest,sadness
sadly,sadness
safe,safest
safeguard,safeguards
safeguarding,safeguards
safely,safest
safer,safest
said,says
sail,sails
sailed,sails
sailing,sails
sailor,sailors
saint,saints
salad,salads
salaries,salary
salt,salts
salted,salts
sample,sampling
sampled,sampling
samples,sampling
sanction,sanctions
sanctioned,sanctions
sand,sands
sandwich,sandwiches
sang,sung
sank,sunken
sat,sitting
satellite,satellites
satire,satirical
satisfied,satisfying
satisfies,satisfying
satisfy,satisfying
saturday,saturdays
sauce,sauces
saudi,saudis
sausage,sausages
savage,savages
save,savings
saved,savings
saver,savings
saves,savings
saving,savings
saw,sees
say,says
saying,says
sayings,says
scale,scaling
scaled,scaling
scales,scaling
scam,scams
scan,scans
scandal,scandals
scandalous,scandals
scanned,scans
scanner,scanners
scanning,scans
scar,scars
scare,scaring
scared,scaring
scares,scaring
scarf,scarves
scariest,scary
scarred,scars
scatter,scattering
scattered,scattering
scenario,scenarios
scene,scenes
scent,scents
scented,scents
schedule,scheduling
scheduled,scheduling
schedules,scheduling
scheme,schemes
schizophrenia,schizophrenic
scholar,scholars
scholarly,scholars
scholarship,scholarships
school,schools
schooled,schools
schooling,schools
science,sciences
scientific,scientifically
scientist,scientists
score,scoring
scored,scoring
scorer,scorers
scores,scoring
scot,scots
scout,scouts
scouting,scouts
scramble,scrambling
scrambled,scrambling
scrap,scraps
scrape,scraping
scraped,scraping
scrapped,scraps
scratch,scratching
scratched,scratching
scratches,scratching
scream,screams
screamed,screams
screaming,screams
screen,screens
screened,screens
screening,screens
screenings,screens
screenshot,screenshots
screw,screws
screwed,screws
screwing,screws
script,scripts
scripted,scripts
scripture,scriptures
scroll,scrolls
scrolling,scrolls
scrub,scrubs
scrubbing,scrubs
sculpture,sculptures
se,ses
sea,seas
seal,seals
sealed,seals
sealing,seals
seam,seams
seamless,seamlessly
search,searching
searched,searching
searches,searching
season,seasons
seasonal,seasonally
seasoned,seasons
seasoning,seasons
seat,seats
seated,seats
seating,seats
sec,secs
second,seconds
seconded,seconds
secret,secrets
secretaries,secretary
secretly,secrets
sect,sects
section,sections
sector,sectors
secure,securing
secured,securing
securely,securing
secures,securing
securities,security
sediment,sediments
sedimentary,sediments
seduce,seduction
seduced,seduction
see,sees
seed,seeds
seeded,seeds
seeding,seeds
seeing,sees
seek,sought
seeker,seekers
seeking,sought
seeks,sought
seem,seems
seemed,seems
seeming,seems
seemingly,seems
seen,sees
segment,segments
segmentation,segments
seize,seizing
seized,seizing
seizure,seizures
select,selects
selected,selects
selecting,selects
selection,selections
selective,selectively
selector,selects
self,selves
selfish,selfishness
sell,sold
seller,sold
sellers,sold
selling,sold
sells,sold
semifinal,semifinals
seminar,seminars
sen,sens
senator,senators
send,sent
sender,sent
sending,sent
sends,sent
senior,seniors
sensation,sensations
sense,sensing
sensed,sensing
senses,sensing
sensibilities,sensibility
sensitive,sensitivity
sensor,sensors
sentence,sentencing
sentenced,sentencing
sentences,sentencing
sentiment,sentiments
separate,separating
separated,separating
separately,separating
separates,separating
sequel,sequels
sequence,sequencing
sequences,sequencing
serb,serbs
serene,serenity
serious,seriousness
seriously,seriousness
sermon,sermons
servant,servants
serve,servings
served,servings
server,servers
serves,servings
service,servicing
serviced,servicing
services,servicing
serving,servings
session,sessions
set,settings
setback,setbacks
sets,settings
setting,settings
settle,settling
settled,settling
settlement,settlements
settler,settlers
settles,settling
seven,seventh
seventeen,seventeenth
sever,severed
severance,severed
severe,severity
severely,severity
sew,sewn
sewer,sewers
sewing,sewn
sex,sexes
sexiest,sexy
sexism,sexist
sexual,sexually
sexuality,sexually
shade,shading
shaded,shading
shades,shading
shadow,shadows
shaft,shafts
shake,shook
shaken,shook
shakes,shook
shaking,shook
shame,shaming
shamed,shaming
shape,shaping
shaped,shaping
shapes,shaping
share,sharing
shared,sharing
shareholder,shareholders
shares,sharing
shark,sharks
sharp,sharply
sharpe,sharper
shatter,shattering
shattered,shattering
shave,shaving
shaved,shaving
shed,sheds
shedding,sheds
sheet,sheets
shelf,shelves
shell,shells
shelling,shells
shelter,shelters
sheltered,shelters
shepherd,shepherds
sheriff,sheriffs
shield,shields
shielded,shields
shielding,shields
shift,shifts
shifted,shifts
shifting,shifts
shilling,shillings
shine,shone
shines,shone
shining,shone
ship,ships
shipment,shipments
shipped,ships
shipping,ships
shirt,shirts
shit,shitting
shits,shitting
shock,shocks
shocked,shocks
shocking,shocks
shoe,shoes
shoot,shots
shooter,shooters
shooting,shots
shootings,shots
shoots,shots
shop,shops
shopper,shops
shoppers,shops
shopping,shops
shore,shores
short,shorts
shortage,shortages
shortcut,shortcuts
shorten,shortening
shortened,shortening
shorter,shorts
shortest,shorts
shot,shots
shoulder,shoulders
shout,shouts
shouted,shouts
shouting,shouts
shove,shoving
shoved,shoving
show,shows
showcase,showcasing
showcased,showcasing
showcases,showcasing
showed,shows
shower,showers
showered,showers
showering,showers
showing,shows
shown,shows
shred,shreds
shredded,shreds
shrine,shrines
shrink,shrunk
shrinking,shrunk
shrinks,shrunk
shrub,shrubs
shrug,shrugged
shun,shunned
shut,shutting
shuts,shutting
shutter,shutters
sibling,siblings
side,siding
sided,siding
sideline,sidelines
sidelined,sidelines
sides,siding
sidewalk,sidewalks
sigh,sighs
sighed,sighs
sight,sights
sighted,sights
sighting,sights
sightings,sights
sign,signs
signal,signals
signalling,signals
signature,signatures
signed,signs
significant,significantly
signifies,signify
signing,signs
signings,signs
sikh,sikhs
silence,silenced
silent,silently
sim,sims
similar,similarly
similarities,similarly
similarity,similarly
simple,simplicity
simpler,simplicity
simplest,simplicity
simplified,simplify
simpson,simpsons
simulate,simulations
simulated,simulations
simulation,simulations
simultaneous,simultaneously
sin,sins
sincere,sincerity
sincerely,sincerity
sing,sung
singer,sung
singers,sung
singing,sung
single,singles
singled,singles
sings,sung
singular,singularity
sink,sunken
sinking,sunken
sinks,sunken
sinner,sinners
sip,sipping
siren,sirens
sister,sisters
sit,sitting
site,sites
sits,sitting
situation,situations
six,sixth
sixteen,sixteenth
size,sizing
sizes,sizing
skate,skating
skateboard,skateboarding
skater,skaters
skates,skating
skeletal,skeletons
skeleton,skeletons
sketch,sketches
ski,skis
skier,skis
skiers,skis
skies,sky
skiing,skis
skill,skills
skilled,skills
skin,skins
skinned,skins
skip,skips
skipped,skips
skipping,skips
skirt,skirts
skull,skulls
skyscraper,skyscrapers
slab,slabs
slain,slew
slam,slams
slammed,slams
slamming,slams
slap,slaps
slapped,slaps
slapping,slaps
slash,slashed
slate,slated
slaughter,slaughtered
slave,slaves
slay,slew
slayer,slew
slaying,slew
sleep,slept
sleeping,slept
sleeps,slept
sleeve,sleeves
slice,slicing
sliced,slicing
slices,slicing
slid,sliding
slide,sliding
slides,sliding
slight,slightly
slightest,slightly
slip,slips
slipped,slips
slipping,slips
slogan,slogans
slope,slopes
slot,slots
slow,slows
slowed,slows
slower,slows
slowest,slows
slowing,slows
slowly,slows
slum,slums
slur,slurs
slut,sluts
smack,smacked
small,smallest
smaller,smallest
smart,smartest
smarter,smartest
smash,smashing
smashed,smashing
smear,smeared
smell,smells
smelled,smells
smelling,smells
smile,smiling
smiled,smiling
smiles,smiling
smith,smiths
smoke,smoking
smoked,smoking
smoker,smokers
smokes,smoking
smooth,smoothly
smoother,smoothly
smuggle,smuggling
smuggled,smuggling
snack,snacks
snail,snails
snake,snakes
snap,snaps
snapped,snaps
snapping,snaps
snapshot,snapshots
snatch,snatched
sneak,sneaky
sneaking,sneaky
sniff,sniffing
sniper,snipers
snow,snowy
snowflake,snowflakes
snowing,snowy
soak,soaking
soaked,soaking
soap,soaps
soar,soaring
sob,sobs
sobbing,sobs
social,socially
socialism,socialists
socialist,socialists
societies,society
sociological,sociology
sock,socks
socket,sockets
soft,softly
soften,softening
softened,softening
softer,softly
soil,soils
soldier,soldiers
sole,soles
solicitor,solicitors
solid,solids
solidly,solids
solo,solos
solution,solutions
solve,solving
solved,solving
solves,solving
son,sons
song,songs
songwriter,songwriters
soothe,soothing
sorrow,sorrows
sort,sorts
sorted,sorts
sorting,sorts
soul,souls
sound,sounds
sounded,sounds
sounding,sounds
soup,soups
source,sourcing
sourced,sourcing
sources,sourcing
souvenir,souvenirs
soviet,soviets
space,spacing
spaced,spacing
spaces,spacing
spade,spades
spam,spamming
span,spans
spanned,spans
spanning,spans
spare,spared
spark,sparks
sparked,sparks
sparkle,sparkling
sparse,sparsely
spartan,spartans
spat,spitting
spawn,spawning
spawned,spawning
speak,spoken
speaker,speakers
speaking,spoken
speaks,spoken
spear,spears
spec,specs
special,specials
specialist,specialists
speciality,specialty
specialize,specializing
specialized,specializing
specializes,specializing
specially,specials
specialties,specialty
specific,specifics
specifically,specifics
specification,specifications
specificity,specifics
specified,specifying
specifies,specifying
specify,specifying
specimen,specimens
spectacle,spectacles
spectator,spectators
spectra,spectrum
spectral,spectre
speculate,speculative
speculated,speculative
speculation,speculative
sped,speeds
speech,speeches
speed,speeds
speeding,speeds
spell,spelt
spelled,spelt
spelling,spelt
spells,spelt
spend,spent
spending,spent
spends,spent
sphere,spheres
spice,spices
spider,spiders
spies,spying
spike,spikes
spiked,spikes
spill,spills
spilled,spills
spilling,spills
spin,spun
spinal,spines
spine,spines
spinning,spun
spins,spun
spirit,spirits
spirited,spirits
spiritual,spiritually
spirituality,spiritually
spit,spitting
splash,splashing
split,splitting
splits,splitting
spoil,spoilt
spoiled,spoilt
spoiler,spoilers
spoiling,spoilt
spoils,spoilt
spoke,spoken
sponsor,sponsorship
sponsored,sponsorship
sponsoring,sponsorship
sponsors,sponsorship
spontaneous,spontaneously
spoon,spoons
sport,sports
sporting,sports
spot,spotting
spots,spotting
spotted,spotting
spouse,spouses
sprang,sprung
spray,sprays
sprayed,sprays
spraying,sprays
spread,spreads
spreading,spreads
spring,sprung
springs,sprung
sprinkle,sprinkled
sprint,sprinter
sprout,sprouts
spur,spurs
spurred,spurs
spy,spying
squad,squads
square,squares
squared,squares
squat,squats
squeeze,squeezing
squeezed,squeezing
squirrel,squirrels
stab,stabbing
stabbed,stabbing
stabilize,stabilizing
stabilized,stabilizing
stable,stables
stack,stacks
stacked,stacks
stacking,stacks
stadium,stadiums
staff,staffs
staffed,staffs
staffer,staffers
staffing,staffs
stage,staging
staged,staging
stages,staging
stain,stains
stained,stains
staining,stains
stake,stakes
stalk,stalks
stalked,stalks
stalker,stalks
stalking,stalks
stall,stalls
stalled,stalls
stalling,stalls
stamp,stamps
stamped,stamps
stamping,stamps
stand,stood
standard,standards
standing,stood
standings,stood
stands,stood
staple,staples
star,stars
stare,staring
stared,staring
stares,staring
starred,stars
starring,stars
start,starts
started,starts
starter,starters
starting,starts
startup,startups
starvation,starving
starve,starving
starved,starving
stat,stats
state,stating
stated,stating
statement,statements
states,stating
station,stations
stationed,stations
statistic,statistically
statistical,statistically
statue,statues
statute,statutes
stay,stays
stayed,stays
staying,stays
steadily,steady
steak,steaks
steal,stolen
stealing,stolen
steals,stolen
steam,steaming
steamed,steaming
steer,steering
steered,steering
stem,stems
stemmed,stems
stemming,stems
step,steps
stepped,steps
stepping,steps
stereotype,stereotypes
steroid,steroids
steward,stewards
stick,stuck
sticker,stickers
sticking,stuck
sticks,stuck
stiff,stiffness
still,stills
stimulate,stimulation
stimulated,stimulation
stimulates,stimulation
stimulating,stimulation
stimuli,stimulus
sting,stung
stings,stung
stink,stinky
stinks,stinky
stir,stirring
stirred,stirring
stitch,stitching
stitched,stitching
stitches,stitching
stock,stocks
stocked,stocks
stocking,stocks
stockings,stocks
stoke,stokes
stoked,stokes
stole,stolen
stomach,stomachs
stomp,stomping
stone,stones
stoned,stones
stop,stops
stopped,stops
stopping,stops
store,storing
stored,storing
stores,storing
stories,story
storm,storms
stormed,storms
storming,storms
storyline,storylines
straighten,straightened
strain,strains
strained,strains
straining,strains
strait,straits
strand,strands
stranded,strands
strange,strangest
strangely,strangest
stranger,strangest
strangers,strangest
strap,straps
strapped,straps
strategic,strategically
strategies,strategy
strategist,strategy
straw,straws
strawberries,strawberry
streak,streaks
stream,streams
streamed,streams
streaming,streams
streamline,streamlined
street,streets
strength,strengths
strengthen,strengthens
strengthened,strengthens
strengthening,strengthens
stress,stressing
stressed,stressing
stresses,stressing
stressful,stressing
stretch,stretching
stretched,stretching
stretches,stretching
strict,strictly
stricter,strictly
stride,strides
strike,struck
striker,strikers
strikes,struck
striking,struck
strikingly,struck
string,strung
strings,strung
strip,strips
stripe,stripes
striped,stripes
stripped,strips
stripper,strippers
stripping,strips
strive,striving
strives,striving
stroke,stroking
strokes,stroking
stroll,strolling
strong,strongly
stronger,strongly
strongest,strongly
structural,structurally
structure,structures
structured,structures
struggle,struggling
struggled,struggling
struggles,struggling
stud,studs
studded,studs
student,students
studied,studying
studies,studying
studio,studios
study,studying
stuff,stuffs
stuffed,stuffs
stuffing,stuffs
stumble,stumbling
stumbled,stumbling
stump,stumps
stun,stunning
stunned,stunning
stunt,stunts
stupid,stupidity
style,styling
styled,styling
styles,styling
sub,subs
subdivision,subdivisions
subject,subjects
subjected,subjects
submarine,submarines
submission,submissions
submit,submitting
submitted,submitting
subordinate,subordinates
subscribe,subscribers
subscribed,subscribers
subscriber,subscribers
subscription,subscriptions
subsequent,subsequently
subsidiaries,subsidiary
subsidies,subsidy
substance,substances
substantial,substantially
substitute,substitution
substituted,substitution
substitutes,substitution
substrate,substrates
subtitle,subtitles
subtle,subtly
suburb,suburbs
succeed,succeeds
succeeded,succeeds
succeeding,succeeds
success,successes
successful,successfully
successor,successors
suck,sucks
sucked,sucks
sucker,suckers
sucking,sucks
sudden,suddenly
sue,suing
sued,suing
suffer,suffers
suffered,suffers
suffering,suffers
sufficient,sufficiently
sugar,sugars
suggest,suggests
suggested,suggests
suggesting,suggests
suggestion,suggestions
suicide,suicides
suit,suits
suitability,suitably
suitable,suitably
suite,suites
suited,suits
sum,sums
summaries,summary
summarize,summarizes
summarized,summarizes
summed,sums
summer,summers
summon,summons
summoned,summons
sun,suns
sunday,sundays
sunk,sunken
superior,superiors
superiority,superiors
supermarket,supermarkets
superpower,superpowers
superstar,superstars
superstition,superstitious
supervise,supervisory
supervised,supervisory
supervising,supervisory
supervision,supervisory
supervisor,supervisory
supervisors,supervisory
supplement,supplements
supplementary,supplements
supplemented,supplements
supplied,supplying
supplier,supplying
suppliers,supplying
supplies,supplying
supply,supplying
support,supports
supported,supports
supporter,supporters
supporting,supports
supportive,supports
suppose,supposedly
supposed,supposedly
suppress,suppression
suppressed,suppression
suppressing,suppression
surf,surfing
surface,surfaces
surfaced,surfaces
surfer,surfing
surfers,surfing
surgeon,surgeons
surgeries,surgery
surpass,surpassing
surpassed,surpassing
surprise,surprisingly
surprised,surprisingly
surprises,surprisingly
surprising,surprisingly
surrender,surrendering
surrendered,surrendering
surround,surrounds
surrounded,surrounds
surrounding,surrounds
survey,surveys
surveyed,surveys
surveying,surveys
surveyor,surveys
survive,survivors
survived,survivors
survives,survivors
surviving,survivors
survivor,survivors
suspect,suspects
suspected,suspects
suspend,suspending
suspended,suspending
suspension,suspensions
suspicion,suspicions
sustain,sustaining
sustained,sustaining
swallow,swallows
swallowed,swallows
swallowing,swallows
swam,swimming
swamp,swamps
swan,swans
swap,swaps
swapped,swaps
swapping,swaps
sway,swayed
swear,sworn
swearing,sworn
swears,sworn
sweat,sweaty
sweater,sweaters
sweating,sweaty
sweats,sweaty
sweep,swept
sweeping,swept
sweeps,swept
sweet,sweets
sweeter,sweets
sweetest,sweets
sweetness,sweets
swell,swollen
swelling,swollen
swells,swollen
swift,swiftly
swim,swimming
swimmer,swimming
swimmers,swimming
swing,swung
swinging,swung
swings,swung
swirl,swirling
switch,switching
switched,switching
switches,switching
sword,swords
swore,sworn
syllable,syllables
symbol,symbols
symmetrical,symmetry
sympathies,sympathy
symptom,symptoms
symptomatic,symptoms
synonym,synonyms
syrian,syrians
system,systems
systematic,systematically
tab,tabs
table,tables
tablespoon,tablespoons
tablet,tablets
tackle,tackling
tackled,tackling
tackles,tackling
taco,tacos
tactic,tactics
tag,tags
tagged,tags
tagging,tags
tail,tails
tailed,tails
tailor,tailored
take,took
taken,took
taker,takers
takes,took
taking,took
tale,tales
talent,talents
talented,talents
talk,talks
talked,talks
talking,talks
tall,tallest
taller,tallest
tan,tanning
tangle,tangled
tank,tanks
tanker,tankers
tanned,tanning
tap,taps
tape,taping
taped,taping
taper,tapering
tapered,tapering
tapes,taping
tapped,taps
tapping,taps
target,targets
targeted,targets
targeting,targets
tariff,tariffs
task,tasks
tasked,tasks
taste,tasting
tasted,tasting
tastes,tasting
tattoo,tattoos
tattooed,tattoos
taught,teachings
tax,taxing
taxable,taxing
taxed,taxing
taxes,taxing
taxi,taxis
taxpayer,taxpayers
td,tds
tea,teas
teach,teachings
teacher,teachers
teaches,teachings
teaching,teachings
team,teams
teamed,teams
teaming,teams
teammate,teammates
tear,torn
tearing,torn
tears,torn
tease,teasing
teased,teasing
technical,technically
technician,technicians
technique,techniques
technological,technology
technologies,technology
tee,tees
teen,teens
teenager,teenagers
teeth,tooth
telecommunication,telecommunications
telephone,telephones
telescope,telescopes
tell,told
telling,told
tells,told
temp,temps
temper,tempered
temperature,temperatures
template,templates
temple,temples
temporarily,temporary
tempt,tempting
temptation,temptations
tempted,tempting
ten,tenth
tenant,tenants
tend,tends
tended,tends
tendencies,tendency
tender,tenders
tending,tends
tension,tensions
tent,tents
tentative,tentatively
term,terms
termed,terms
terminal,terminals
terminate,termination
terminated,termination
terminating,termination
terrace,terraces
terrible,terribly
territories,territory
terrorism,terrorists
terrorist,terrorists
test,tests
tested,tests
testified,testifying
testify,testifying
testimonies,testimony
testing,tests
texan,texans
text,texts
textbook,textbooks
textile,textiles
texture,textures
textured,textures
thank,thanks
thanked,thanks
thankful,thankfully
thanking,thanks
theatre,theatres
thematic,themes
theme,themes
theological,theology
theoretical,theoretically
theories,theory
theorist,theorists
therapies,therapy
therapist,therapy
therapists,therapy
theses,thesis
thick,thicker
thief,thieves
thigh,thighs
thin,thinning
thing,things
think,thoughts
thinker,thoughts
thinkers,thoughts
thinking,thoughts
thinks,thoughts
thinly,thinning
thinner,thinning
thirteen,thirteenth
thorn,thorns
thorough,thoroughly
thought,thoughts
thread,threads
threaded,threads
threat,threats
threaten,threatens
threatened,threatens
threatening,threatens
threshold,thresholds
threw,throws
thrill,thrills
thrilled,thrills
thrilling,thrills
thrive,thriving
thrives,thriving
throat,throats
throne,thrones
throw,throws
throwing,throws
thrown,throws
thug,thugs
thumb,thumbs
thunderstorm,thunderstorms
thursday,thursdays
tick,ticks
ticket,tickets
ticking,ticks
tide,tides
tie,tying
tied,tying
tier,tiers
ties,tying
tiger,tigers
tight,tights
tighten,tightening
tightened,tightening
tighter,tights
tightly,tights
tile,tiles
tilt,tilting
tilted,tilting
timber,timbers
time,timing
timed,timing
timeline,timelines
timer,timers
times,timing
tint,tinted
tip,tips
tipped,tips
tipping,tips
tire,tiring
tired,tiring
tires,tiring
tissue,tissues
tit,tits
titan,titans
title,titles
titled,titles
toast,toasted
today,todays
toddler,toddlers
toe,toes
toilet,toilets
token,tokens
tolerate,tolerated
toll,tolls
tomato,tomatoes
tomb,tombs
ton,tons
tone,tones
toned,tones
tongue,tongues
tonne,tonnes
tool,tools
top,tops
topic,topics
topped,tops
topping,tops
torch,torches
tore,torn
tories,tory
torment,tormented
torture,torturing
tortured,torturing
toss,tossing
tossed,tossing
total,totals
totally,totals
touch,touching
touchdown,touchdowns
touched,touching
touches,touching
tough,toughness
tougher,toughness
toughest,toughness
tour,tours
toured,tours
touring,tours
tourist,tourists
tournament,tournaments
tout,touted
tow,towing
towed,towing
towel,towels
tower,towers
towering,towers
town,towns
township,townships
toxic,toxicity
toxin,toxins
toy,toys
trace,tracing
traced,tracing
traces,tracing
track,tracks
tracked,tracks
tracker,tracks
trackers,tracks
tracking,tracks
tract,tracts
tractor,tractors
trade,trading
traded,trading
trademark,trademarks
trader,trading
traders,trading
trades,trading
tradition,traditions
traditional,traditionally
traffic,trafficking
tragedies,tragedy
tragic,tragically
trail,trails
trailed,trails
trailer,trailers
trailing,trails
train,trains
trained,trains
trainee,trainees
trainer,trainers
training,trains
trait,traits
traitor,traitors
tran,trans
transaction,transactions
transcript,transcripts
transfer,transfers
transferred,transfers
transferring,transfers
transform,transforms
transformation,transformations
transformed,transforms
transformer,transformers
transforming,transforms
transition,transitions
transitional,transitions
transitioned,transitions
transitioning,transitions
translate,translators
translated,translators
translates,translators
translating,translators
translation,translations
translator,translators
transmission,transmissions
transmit,transmitting
transmitted,transmitting
transmitter,transmitters
transplant,transplants
transplantation,transplants
transport,transports
transported,transports
transporting,transports
trap,traps
trapped,traps
trapping,traps
trash,trashed
trauma,traumatic
travel,travels
traveler,travelers
travelled,travels
traveller,travellers
travelling,travels
tray,trays
treasure,treasures
treasured,treasures
treat,treats
treated,treats
treaties,treaty
treating,treats
treatment,treatments
tree,trees
tremendous,tremendously
trench,trenches
trend,trends
trending,trends
trespass,trespassing
trial,trials
triangle,triangular
triangles,triangular
tribal,tribes
tribe,tribes
tributaries,tributary
tribute,tributes
trick,tricks
tricked,tricks
tried,trying
tries,trying
trigger,triggers
triggered,triggers
triggering,triggers
trim,trimming
trimmed,trimming
trip,trips
triple,tripled
tripped,trips
tripping,trips
triumph,triumphs
trojan,trojans
troll,trolls
trolling,trolls
troop,troops
trooper,troopers
trophies,trophy
trouble,troubling
troubled,troubling
troubles,troubling
truck,trucks
trucking,trucks
trump,trumps
trumpet,trumpets
trunk,trunks
trust,trusts
trusted,trusts
trustee,trustees
trusting,trusts
truth,truths
truthful,truthfully
try,trying
tube,tubing
tubes,tubing
tuck,tucked
tuesday,tuesdays
tumble,tumbling
tumor,tumors
tumour,tumours
tune,tuning
tuned,tuning
tunes,tuning
tunnel,tunnels
turbine,turbines
turk,turks
turkey,turkeys
turn,turns
turned,turns
turner,turns
turning,turns
turnover,turnovers
turret,turrets
turtle,turtles
tutor,tutors
tutorial,tutorials
tutoring,tutors
tweak,tweaks
tweaking,tweaks
tweet,tweets
tweeted,tweets
tweeting,tweets
twentieth,twenty
twin,twins
twist,twists
twisted,twists
twisting,twists
type,typing
typed,typing
types,typing
typical,typically
tyre,tyres
ultimate,ultimately
umbrella,umbrellas
umpire,umpires
unanimous,unanimously
uncertain,uncertainty
uncertainties,uncertainty
uncle,uncles
unconditional,unconditionally
uncover,uncovered
undeniable,undeniably
underestimate,underestimated
undergo,underwent
undergoes,underwent
undergoing,underwent
undergone,underwent
undergraduate,undergraduates
undermine,undermining
undermined,undermining
undermines,undermining
understand,understood
understandable,understood
understandably,understood
understanding,understood
understands,understood
undertake,undertook
undertaken,undertook
undertaking,undertook
undo,undone
unfair,unfairly
unfold,unfolds
unfolded,unfolds
unfolding,unfolds
unfortunate,unfortunately
unhappiness,unhappy
unicorn,unicorns
uniform,uniforms
uniformed,uniforms
uniformly,uniforms
unilateral,unilaterally
union,unions
unionist,unionists
unique,uniquely
unit,units
unite,uniting
united,uniting
unites,uniting
universal,universally
universe,universes
universities,university
unleash,unleashed
unload,unloading
unloaded,unloading
unlock,unlocking
unlocked,unlocking
unusual,unusually
unveil,unveils
unveiled,unveils
unveiling,unveils
up,ups
update,updating
updated,updating
updates,updating
upgrade,upgrading
upgraded,upgrading
upgrades,upgrading
upheld,upholding
uphold,upholding
uplift,uplifting
upload,uploads
uploaded,uploads
uploading,uploads
upset,upsetting
upsets,upsetting
urge,urging
urged,urging
urgency,urgently
urgent,urgently
urges,urging
use,using
used,using
useful,usefulness
user,using
users,using
uses,using
usual,usually
utilities,utility
utilize,utilizing
utilized,utilizing
utilizes,utilizing
utopia,utopian
utter,utterly
uttered,utterly
vacancies,vacancy
vacate,vacated
vacation,vacations
vaccination,vaccinations
vaccine,vaccines
vagina,vaginal
vague,vaguely
valentine,valentines
valid,validity
validate,validation
validated,validation
valley,valleys
valuation,valuations
value,values
valued,values
valve,valves
vampire,vampires
van,vans
vanish,vanishing
vanished,vanishing
variability,variables
variable,variables
variant,variants
variation,variations
varied,varying
varies,varying
varieties,variety
various,variously
vary,varying
vase,vases
vast,vastly
vault,vaults
vector,vectors
vegetable,vegetables
vehicle,vehicles
veil,veiled
vein,veins
vendor,vendors
vent,vents
venting,vents
venture,ventures
ventured,ventures
venue,venues
verb,verbs
verbal,verbally
verification,verifying
verified,verifying
verify,verifying
versatile,versatility
verse,verses
versed,verses
version,versions
vertical,vertically
vessel,vessels
vest,vests
vested,vests
vet,vetting
veteran,veterans
vets,vetting
viability,viable
vibe,vibes
vibration,vibrations
victim,victims
victories,victory
vid,vids
video,videos
view,views
viewed,views
viewer,viewers
viewing,views
viewpoint,viewpoints
vigorous,vigorously
viking,vikings
villa,villas
village,villages
villain,villains
vine,vines
vineyard,vineyards
violate,violations
violated,violations
violates,violations
violating,violations
violation,violations
violent,violently
virgin,virgins
virtue,virtues
virus,viruses
visa,visas
visible,visibly
vision,visions
visit,visits
visited,visits
visiting,visits
visitor,visitors
visual,visuals
visually,visuals
vitamin,vitamins
vivid,vividly
vocal,vocals
voice,voicing
voiced,voicing
voices,voicing
vol,vols
volatile,volatility
volt,volts
volume,volumes
voluntarily,voluntary
volunteer,volunteers
volunteered,volunteers
volunteering,volunteers
vomit,vomiting
vote,voting
voted,voting
voter,voters
votes,voting
voucher,vouchers
vow,vows
vowed,vows
vowel,vowels
voyage,voyages
voyager,voyages
vulnerabilities,vulnerable
vulnerability,vulnerable
vulture,vultures
waffle,waffles
wage,wages
waged,wages
wagon,wagons
wait,waits
waited,waits
waiter,waiters
waiting,waits
waive,waived
waiver,waivers
wake,woken
wakes,woken
waking,woken
walk,walks
walked,walks
walker,walks
walkers,walks
walking,walks
wall,walls
walled,walls
wallet,wallets
wander,wandering
wandered,wandering
want,wants
wanted,wants
wanting,wants
war,wars
ward,wards
ware,wares
warehouse,warehouses
warm,warms
warmed,warms
warmer,warms
warmest,warms
warming,warms
warmly,warms
warn,warns
warned,warns
warning,warns
warnings,warns
warp,warped
warrant,warrants
warranted,warrants
warring,wars
warrior,warriors
warship,warships
was,were
wash,washing
washed,washing
washes,washing
waste,wasting
wasted,wasting
wastes,wasting
watch,watching
watched,watching
watches,watching
water,waters
watered,waters
waterfall,waterfalls
watering,waters
waterway,waterways
watt,watts
wave,waving
waved,waving
wavelength,wavelengths
waves,waving
way,ways
weak,weakly
weaken,weakening
weakened,weakening
weaker,weakly
weakest,weakly
weakness,weaknesses
wealthiest,wealthy
weapon,weapons
wear,worn
wearing,worn
wears,worn
weather,weathered
weave,woven
weaver,woven
weaving,woven
wed,weddings
wedding,weddings
wedge,wedges
wednesday,wednesdays
wee,weeds
weed,weeds
week,weeks
weekday,weekdays
weekend,weekends
weep,wept
weeping,wept
weigh,weighs
weighed,weighs
weighing,weighs
weight,weights
weighted,weights
welcome,welcoming
welcomed,welcoming
welcomes,welcoming
weld,welding
welded,welding
well,wells
wetland,wetlands
whale,whaling
whales,whaling
wheel,wheels
wheeled,wheels
wheeling,wheels
whine,whining
whip,whips
whipped,whips
whipping,whips
whisper,whispers
whispered,whispers
whispering,whispers
whistle,whistling
whistles,whistling
white,whites
whoop,whoops
whooping,whoops
whore,whores
wicket,wickets
wide,widest
widely,widest
widen,widening
widened,widening
wider,widest
widow,widows
widowed,widows
wield,wielding
wife,wives
wig,wigs
wild,wildly
wilder,wildly
wildest,wildly
wildfire,wildfires
will,wills
willed,wills
willing,wills
willingly,wills
willingness,wills
win,won
wind,wounds
winding,wounds
window,windows
winds,wounds
wine,wines
wing,wings
winged,wings
winger,wingers
winner,winners
winning,won
winnings,won
wins,won
winter,winters
wipe,wiping
wiped,wiping
wipes,wiping
wire,wiring
wired,wiring
wires,wiring
wise,wiser
wish,wishing
wished,wishing
wishes,wishing
wit,wits
witch,witches
withdraw,withdrew
withdrawal,withdrawals
withdrawing,withdrew
withdrawn,withdrew
withheld,withholding
withhold,withholding
witness,witnessing
witnessed,witnessing
witnesses,witnessing
wizard,wizards
woe,woes
woke,woken
wolf,wolves
woman,womens
women,womens
wonder,wonders
wondered,wonders
wonderful,wonderfully
wondering,wonders
wood,woods
woodland,woodlands
word,words
worded,words
wording,words
wore,worn
work,wrought
worked,wrought
worker,workers
working,wrought
workings,wrought
workout,workouts
workplace,workplaces
works,wrought
workshop,workshops
world,worlds
worm,worms
worried,worrying
worries,worrying
worry,worrying
worse,worst
worship,worshipped
wound,wounds
wounded,wounds
wounding,wounds
wrap,wraps
wrapped,wraps
wrapping,wraps
wreck,wrecks
wrecked,wrecks
wrecking,wrecks
wrench,wrenching
wrestle,wrestling
wrestled,wrestling
wrestler,wrestling
wrestlers,wrestling
wrinkle,wrinkles
wrist,wrists
write,wrote
writer,writers
writes,wrote
writing,wrote
writings,wrote
written,wrote
wrong,wrongs
wronged,wrongs
wrongly,wrongs
yacht,yachts
yankee,yankees
yard,yards
year,years
yell,yells
yelled,yells
yelling,yells
yield,yields
yielded,yields
yielding,yields
yorker,yorkers
young,youngest
younger,youngest
youngster,youngsters
youth,youths
yr,yrs
zionism,zionist
zone,zoning
zoned,zoning
zones,zoning
zoo,zoos